user_input,retrieved_contexts,response,reference,context_precision,context_recall,faithfulness,answer_relevancy,collection
"안녕하세요, 저는 27살이고 지금 서울에서 취준 중인데, 월세가 너무 부담스러워서 국민임대주택에 신청하고 싶어요. 제가 무주택 세대구성원으로 소득이나 자산 요건을 충족해야 한다고 하는데, 구체적으로 어떤 자격조건이 필요한지 궁금해요.","['4. 신청자격\n입주자모집공고일(2026.04.10.) 현재 주택건설지역(서울특별시, 인천광역시 및 경기도지역)에 거주하는 무주택세대구\n성원으로서 아래의 기준을 충족하는 사람\n(단, 모집공고일로부터 입주 시까지 무주택세대구성원을 유지해야 하며, 무주택세대구성원을 유지하지 않을 경우 당첨\n취소 및 계약거절 등의 불이익을 받을 수 있으니 이점 유의하시기 바라며, 신청자의 세대구성원 중에 과거에 공공임\n대주택 임차인으로서 불법양도·전대 행위로 적발된 후 4년이 경과되지 않은 자가 있는 경우 신청자는 공공임대주택\n입주자로 선정 불가합니다.)\n■ 성년자\n「민법」상 미성년자(만 19세 미만)는 공급 신청할 수 없습니다. 단, 아래의 어느 하나에 해당하는 경우 미성년자도\n공급 신청 가능합니다. - 자녀가 있는 세대주인 미성년자(단, 동일한 세대별 주민등록표에 자녀가 등재되어야 함)\n- 직계존속의 사망, 실종, 행방불명 등으로 형제자매를 부양하여야 하는 미성년 세대주 (단, 행방불명의 경우 신고\n접수증으로 증빙해야하며, 부양해야하는 형제자매는 동일한 세대별 주민등록표상에 등재되어있어야 함)\n- 외국인 부모와 미성년 자녀(내국인) 세대주로 구성된 한부모가족인 경우(단, 이 경우 외국인 부모가 대리하여 신청)\n■ 무주택세대구성원(세대에 속하는 사람 전체가 무주택인 세대의 구성원)\n- 3 -', '1.(월)입니다. ■ (입주자격) 모집공고일 현재 서울시에 거주하는 무주택세대구성원 청년으로서, 전년도 도시근로자\n월평균소득의 70% 이하인 경우에 한해 입주자를 선정합니다. (2025년 통계청 발표자료 기준)\n■ (접수방법) 등기우편 접수 [서울시 금천구 시흥대로73길 70, 금천구청 9층 일자리청년과 청년주택 담당자 앞]\n■ (신청접수) 현재는 G밸리하우스(근로자동·기업인동) 및 소셜믹스하우스 청년주택 입주 신청이 가능하며, 입주\n호실은 추첨 절차를 통해 확정됩니다.(호실 간 상호교환 불가)\n■ (기타 안내사항)\n· 맞춤형 공공임대주택은 공동체주택의 성격을 가지며, 입주민이 자발적으로 공동체를 형성하여 주택의\n유지ˑ관리와 상호 지원을 실천하는 것을 지향합니다. · 공동체주택의 입주자는 책임 의식을 바탕으로 상호 협력해야 할 의무가 있습니다.', '9 . 05 ) 현재 무주택세대구성원으로서 아래의 ‘소득 및 자산보유 기준’을 충족하는 사람\n(단, 입주자모집공고일로부터 입주 시까지 무주택세대구성원을 유지해야 하며, 무주택세대구성원을 유지하지 않을 경우\n당첨 취소 및 계약거절 등의 불이익을 받을 수 있으니 이 점 유의하시기 바랍니다.)\n■ 성년자\n「민법」상 미성년자(19세 미만)는 공급 신청할 수 없습니다. 단, 아래의 어느 하나에 해당하는 경우 미성년자도 공\n급 신청 가능합니다. (법정대리인의 동의 또는 대리 필요)\n- 자녀가 있는 미성년 세대주(단, 동일한 세대별 주민등록표에 자녀가 등재되어야 함)\n- 직계존속의 사망, 실종, 행방불명 등으로 형제자매를 부양하여야 하는 미성년 세대주 (단, 행방불명의 경우 신고\n접수증으로 증빙해야하며, 부양해야하는 형제자매는 동일한 세대별 주민등록표상에 등재되어있어야 함)\n- 외국인 부모와 미성년 자녀(내국인) 세대주로 구성된 한부모가족인 경우(단, 이 경우 외국인 부모가 대리하여 신청)\n- 5 -', '■ 공통사항(신혼부부Ⅰ,Ⅱ)\n● 무주택세대구성원\n○ 세대원 전원이 주택(분양권 등 포함)을 소유하고 있지 않은 세대의 구성원 (주택공급에 관한 규칙 제2조 제4호)\n자격 검증 대상(세대구성원) 비 고\n- 신청자\n- 신청자의 배우자 신청자와 주민등록표상 세대 분리되어 있는 배우자(이하 ‘분리배우자’) 포함\n- 신청자의 직계존속\n- 신청자의 배우자의 직계존속\n신청자 또는 신청자의 배우자와 세대별 주민등록표상에 함께 등재되어 있는\n사람에 한함\n- 신청자의 직계비속\n- 신청자의 직계비속의 배우자\n- 신청자의 배우자의 직계비속 신청자와 세대별 주민등록표상에 함께 등재되어 있는 사람에 한함\n※ 아래에 해당하는 사람은 자격검증대상(세대구성원)에 포함\n직계존속\n주택공급신청자 혹은\n주택공급신청자의\n배우자와 동일한 세대별 주택공급 신청자(본인) 배우자\n주민등록표상에 등재\n비속의 배우자의\n배우자 직계비속\n직계비속\n주택공급신청자와\n동일한 세대별\n주민등록표상에 등재\n30 2026년 1차 서울시 청년안심주택(공공임대) 입주자 모집공고', '<무주택세대구성원> 안내\n다음 전원(이하 무주택세대구성원)이 주택(분양권등 포함)을 소유하고 있지 아니한 세대의 구성원을 말합니다. ※ 무주택 세대구성원(자격검증대상)\n세대구성원(자격검증대상) 비 고\n• 신청자 본인\n• 신청자의 배우자 신청자와 주민등록 상 세대 분리되어 있는 배우자(이하 ‘분리배우자’) 포함\n• 신청자의 직계존속\n• 신청자의 배우자의 직계존속\n신청자와 세대별 주민등록표상에 함께 등재되어 있는 사람 또는\n신청자의 분리배우자와 세대별 주민등록표상에 함께 등재되어 있는 사람에 한함\n• 신청자의 직계비속\n• 신청자의 직계비속의 배우자\n• 신청자의 배우자의 직계비속 신청자와 세대별 주민등록표상에 함께 등재되어 있는 사람에 한함\n※「민법」상 미성년자(만 19세 미만)는 공급 신청할 수 없습니다. 단, 아래의 어느 하나에 해당하는 경우에는 미성년자도 공급신청\n가능합니다.(법정대리인의 동의 또는 대리 필요)\n- 자녀가 있는 미성년 세대주\n- 직 계존속의 사망, 실종선고, 행방불명 등으로 형제자매를 부양하여야 하는 미성년 세대주(단, 행방불명의 경우 신고접수증으로\n증빙해야하며, 부양해야하는 형제자매는 동일한 세대별 주민등록표상에 등재되어있어야 함)\n- 부 또는 모가 외국인인 한부모가족으로서 미성년 자녀(내국인)가 세대주인 경우(단, 이 경우 외국인 부모가 대리하여 신청)\n※ 외국인은 신청할 수 없습니다. ※ 주택소유여부, 소득·자산 산정, 중복신청 및 중복입주 확인은 무주택세대구성원 전원(해당세대)을 대상으로 합니다.']","안녕하세요! 국민임대주택에 신청하시려면 다음과 같은 자격조건을 충족해야 합니다.

1. **무주택세대구성원**: 신청자는 무주택세대구성원이어야 하며, 이는 세대원 전원이 주택(분양권 등 포함)을 소유하고 있지 않은 세대의 구성원을 의미합니다.

2. **소득 및 자산 기준**: 신청자는 소득 및 자산 기준을 충족해야 합니다. 구체적인 소득 기준은 모집공고에 따라 다를 수 있으니, 해당 모집공고를 확인하시는 것이 좋습니다.

3. **신청자격 유지**: 입주자모집공고일로부터 입주 시까지 무주택세대구성원을 유지해야 하며, 이를 유지하지 않을 경우 당첨 취소 및 계약 거절 등의 불이익이 있을 수 있습니다.

이와 관련된 자세한 내용은 '서울시(도봉구) 지역 국민임대주택 예비입주자 모집' 공고문을 참고하시면 됩니다. 추가적인 질문이 있으시면 언제든지 문의해 주세요!","서울시(도봉구) 지역 국민임대주택 예비입주자 모집
입주자 모집공고일 [2025.09.05], 주택관리번호 [2025-000407]
‘19.9.27일 이후 입주자 모집부터 동일유형 예비 입주자 중복선정이 되지 않으며, 장기임대주택(통합공공임
대, 국민임대, 영구임대, 행복주택) 입주 시 모든 대기자 명부에서 제외 처리되니 신청 시 유의하시기 바랍니다.
세부적인 사항은 아래 [공고문 숙지사항] 및 [당첨 발표 및 계약안내] 내용을 참조하시기 바랍니다.
▪ 청약자격 미숙지, 착오 신청 등에 대해서는 청약자 본인에게 책임이 있으니 불이익을 당하는 일이
없도록 유의하여 주시기 바랍니다.
▪ LH콜센터(1600-1004) 등을 통해 입주자 모집공고의 내용과 관련하여 자세한 안내가 이루어질 수 있
도록 상담을 실시하고 있으나, 신청자 개인의 다양하고 복잡한 상황에 대하여 정확하지 않은 정보
제공으로 신청 관련 사항에 대해 착오 안내가 이루어지는 경우가 있습니다.
▪ 고객 여러분께서는 신청과 관련한 상담은 주택신청의 참고자료로만 활용해 주시기 바라며, 신청자
본인이 입주자 모집공고 및 현장방문을 통한 직접 상담을 통해 신청자격 등을 숙지하시어 신청하시
기 바랍니다. 아울러 신청자격 미숙지, 착오 신청 등에 대해서는 신청자 본인에게 책임이 있으니 유
의하여 주시기 바랍니다.
모집 신청과 관련하여 매우 중요한 사항이오니 필히 숙지하시기 바랍니다.
▪ 이 주택의 예비입주자 모집공고일은 2025.09.05(금)이며, 이는 입주자격과 예비입주자 선정과정에서 경쟁
이 있을 때 적용하는 순위 및 배점의 판단 기준일이 됩니다. 제출서류는 모집공고일 이후 발급분이어야
합니다.
▪ 본 모집공고문의 모집대상 주택에 대하여 1세대 1주택 신청을 원칙으로 하며, 중복 신청하는 경우 전부 무효처리 합니다.
▪ 이 주택은 분양전환 되지 않는 공공임대주택으로 입주자격 충족 시 단지별 최초 임대개시일로부터 최장
30년간 거주 가능합니다.
▪ 동일한 유형(예, 국민⟷국민, 행복⟷행복)의 예비입주자 모집 신청은 가능하나 신청 후 예비입주자로 선정
(①입주자모집 공고일 기준) 되면 종전 선정된 예비입주자로서의 지위는 자동 탈락 처리됩니다. 단, 입주자
모집 공고일이 같을 경우 ②청약 접수일 ③당첨자 발표일이 빠른 단지를 기준으로 탈락 처리됩니다.
▪ 순위별로 청약일자가 지정된 경우 반드시 해당순위 날짜에 신청하여야 하며 다른 순위 날짜에 접수시에는
모두 부적격 처리됩니다.(예를 들면 1순위자가 1순위 접수일인 5일에 접수하지 않고 2순위 접수일인 6일
에 또는 3순위 접수일인 7일에 접수시 부적격 처리)
▪ 고객의 신청 편의를 위하여 인터넷 및 모바일 신청 제도를 운영하고 있습니다. 현장에 방문하여 신청
하는 경우 장시간 대기와 혼잡에 따른 불편함이 있으니, 가정 또는 직장에서 인터넷이나 모바일로 편
안하게 신청하여 주시기 바랍니다.
▪ 신청서의 주소지는 새로운 주소(도로명 주소)만 사용하고 있으니, 반드시 도로명 주소로 신청하시어
계약안내문 수령 등에 불이익이 없도록 유의하시기 바랍니다.
- 1 -",0.99999999998,1.0,0.8,0.39566421926224266,housing_semantic_t85
"저는 23살 대학생인데, 서대문구에 있는 임대주택에 입주하고 싶어요. 보증금이 100만원이라는데, 혹시 이 보증금을 대출로 지원받을 수 있는지 궁금해요.","['24. 오전 12:21 청년전세임대주택 | 청년·신혼부부 지원 | 서울주거포털\n대학생, 취업준비생의 전세임대를 돕기 위해\n신청자 중 입주대상자로 선정된 자(대학생,취업준비생)가 거주할 지역을 물색하면 LH가 주택소유자와 전세계약을 체결한 후\n재임대하는 정책입니다. LH공사 공고문 바로가기 > 자세히 보기 >\n입주대상\n대학생\n신청일 현재 대학에 재학 또는 입학예정인 타 시ㆍ군 출신 대학생\n취업 준비생\n신청일 현재 대학 또는 「초·중등교육법」에 따른 고등·고등기술학교를 졸업하거나 중퇴한 후 2년 이내인 사람으로서 직장에 재직 중이지 않은 자\n대학 졸업예정자 또는 졸업유예자로서 직장에 재직 중이지 않은 자\n임대조건\n전세금 지원한도액\n일반형 (1·2순위 대학생 및 취업준비생)\n수도권(서울, 경기, 인천) 광역시(세종시 포함) 기타 도(道)지역\n120백만원/호 95백만원/호 85백만원/호\n쉐어형 (1·2·3순위 대학생)\n구분 수도권(서울, 경기, 인천) 광역시(세종시 포함) 기타 도(道\n2인거주 150백만원/호 120백만원/호 100백만\n3인거주 200백만원/호 150백만원/호 120백만\n※ 지역별 지원한도액을 초과하는 주택은 초과하는 전세금액을 입주대상자가 부담할 경우 지원가능하며, 전세금 총액은 호당 지원한도액의 150%이내로 제한함\n지원가능주택\n오피스텔의 경우 바닥난방이 되며, 별도로 취사ㆍ세면시설 및 화장실을 갖추어 주거용 (사실상 사용)으로 이용가능 하여야 함\n대학생 대학소재지역[특별시, 광역시, 세종시, 도(道) 지역] 및 연접 시·군에 소재한 일정 면적 이하 주택으로 ‘전세’ 또는 ‘보증부월세\n신청지역[특별시, 광역시, 세종시, 도(道) 지역] 내 주택으로 ‘전세’ 또는 ‘보증부월세’로 계약 가능한 주택\n취업준비생\n단, 부모님 또는 배우자(기혼자에 해당)의 주소지 시·군 제외\nhttps://housing.seoul.go.kr/site/main/content/sh01_060506 1/3', '서울특별시 서대문구 공고 제2026 - 7호\n2026년 1학기 서대문구 대학생 임대주택 입사생 모집공고\n관내 대학생들의 주거부담 경감을 위한 서대문구 임대주택 꿈꾸는 다락방(천연동) 입주생\n모집을 아래와 같이 공고합니다. 1.', '2월 말 이후 협의한 날짜\n9. 임대기간 : 계약일로부터 2년 (단, 재학생 신분을 유지하는 경우에 한하며, 2년 연장 가능)\n10. 입주부담금(2인실기준) : 보증금 1백만원, 월 임대료 5만원(전기, 수도, 난방비 등 별도)\n11. 입주생 선발 평정기준 : 저소득층 학생 우선 선발 등\n12. 입주조건\n- *관내 사회기여활동, **교육지원과 청년 관련 교육 이수 의무시간 충족 필수\n*사회기여활동(관내 봉사활동) 의무 이행 시간 : 학기당 24시간\n**교육지원과 청년대상 관련 교육 이수 시간: 학기당 8시간\n- 서대문구 대학생 임대주택 공급 및 지원 조례 제6조제2항에 따라 입주 후 서대문구 거주지\n등록이 되어 있어야 함(전입신고 필수)\n◆ 유의사항 ◆\n1) 이 주택은 양도, 전대할 수 없으며 임차권 또한 양도할 수 없음. 2) 이 주택은 분양을 전제로 하지 않는 임대주택으로, 최초 임대기간 경과시 2년 이내의 범위에서\n1회까지 기간 연장이 가능하며 매년 5% 범위 내에서 임대보증금 및 임대료 인상될 수 있음. 2026년 1월 5일\n서울특별시 서대문구청장\n- 1 -', '금액이 없습니다.(해당 관할 센터에서 신청 가능)\n◽ 현재 공공임대주택에 거주하고 계신 경우 기존의 임대주택을 명도하여야 당첨된 주택에 입주하실 수\n있으며, 동 주택은 타인에게 전대 및 전매할 수 없습니다. ※ 세대를 분리(배우자 및 본인)하여 2개 이상의 임대주택에 입주 불가\n◽ 제출한 서류가 위조 또는 사실과 다르거나 서류의 결격 등인 경우 당첨이 취소됩니다. ◽ 계약금을 기납부한 경우, 직접 관할 센터에 계약금 환불 요청을 하셔야 환불이 가능하며 인감증명서,\n인감도장, 통장사본이 필요합니다.', '24. 오전 12:21 청년전세임대주택 | 청년·신혼부부 지원 | 서울주거포털\n보증부월세 전세임대주택의 경우 매월 지급하는 월세는 입주대상자가 직접 임대인에게 지급하여야 하며, 1년치 월세에 해당하는 금액을 계약시 기본보증금\n계약 만료시 반환함)하여야 함\n※ 단, 수도권(60만원), 광역시(45만원), 기타지역(40만원) 한도의 보증부월세는 입주대상자가 원할 경우 3개월분 월세에 해당하는 금액만 입주자가 부담하고 9개월치 월세는\n대체가능함\n일반형 쉐어형\n단독거주 2인 거주 3인 거주\n60㎡이하 70㎡ 이하 85㎡ 이하\n기본임대조건 및 지원금리\n월임대료 (지원금 기준)\n구분 보증금\n4천만원 이하 4천만원 초과~6천만원이하 6천\n1·2순위 100만원 연 1.0% 연 1.5% 연\n3순위 200만원 연 2.0% 연 2.5% 연\n※ 임대기간 최초 계약 2년, 자격요건 충족시 2회 재계약 가능(졸업시 재계약불가)\n전년도 도시근로자 가구당 월평균소득 (2025년 적용기준)\n가구원수 가구원수별 가구당 월평균소득의 50% 가구원수별 가구당 월평균소득의 70% 가구원수별 가구당 월평\n1인가구 1,799,082원 2,518,715원 3,598,7\n2인가구 2,738,502원 3,833,902원 5,477,0\n3인가구 3,813,487원 5,338,881원 7,626,9\n4인가구 4,289,044원 6,004,662원 8,578,0\n5인가구 4,515,524원 6,321,734원 9,031,0\n6인가구 4,866,543원 6,813,160원 9,733,0\n7인가구 5,217,562원 7,304,587원 10,435,1\n신청순위\n1순위(생계·의료 수급가구, 보호대상 한부모가족, 아동복지시설 퇴소자, 가구당 월평균소득 70%이하 장애인)\n2순위(가구당 월평균소득 50% 이하, 가구당 월평균소득 100% 이하 장애인)\n3순위(가구당 월평균소득 100% 이하, 가구당 월평균소득 150% 이하 장애인)\n* 다만, 월평균소득 이하 가구는 영구임대주택 입주자 보유 자산 기준을 초과하는 경우 입주대상에서 제외\n(총자산 19,600만원 자동차 2,499만원)\nhttps://housing.seoul.go.kr/site/main/content/sh01_060506 2/3']","서대문구의 대학생 임대주택은 보증금이 100만원으로 설정되어 있습니다. 그러나 이 정책에서는 보증금 지원이 제공되지 않으며, 대출 지원에 대한 내용도 포함되어 있지 않습니다. 따라서 보증금을 대출로 지원받는 것은 불가능합니다. 

자세한 내용은 '2026년 1학기 서대문구 대학생 임대주택 입사생 모집공고'를 참고하시기 바랍니다.","서울특별시 서대문구 공고 제2026 - 7호
2026년 1학기 서대문구 대학생 임대주택 입사생 모집공고
관내 대학생들의 주거부담 경감을 위한 서대문구 임대주택 꿈꾸는 다락방(천연동) 입주생
모집을 아래와 같이 공고합니다.
1. 건 물 명 : 서대문구 꿈꾸는 다락방 (천연동 1개소)
2. 건물위치 : 서대문구 독립문로8길 19(천연동)
3. 신청대상 : 서대문구 소재 대학에 재학 중인 학생(휴학생 포함) 또는 입학 예정자
※ 대학원생은 신청대상 제외
4. 모집인원 : 00명(2인실)
- 천연동 꿈꾸는 다락방 : 00명 (남·여학생)
5. 신청방법 : 공고문에 첨부된 입주신청서 작성 후 담당자 메일(bini26@sdm.go.kr) 제출
※ 재학증명서 등 제반서류는 입사생으로 선정된 후 제출(☎문의: 02-330-1084)
6. 신청기간 : 2026. 1. 5.(월) ~ 2026. 1. 23.(금)
7. 입주생발표 : 2026. 1월 말 ~ 2월 초 예정(개별통보)
8. 입 주 일 : 2026. 2월 말 이후 협의한 날짜
9. 임대기간 : 계약일로부터 2년 (단, 재학생 신분을 유지하는 경우에 한하며, 2년 연장 가능)
10. 입주부담금(2인실기준) : 보증금 1백만원, 월 임대료 5만원(전기, 수도, 난방비 등 별도)
11. 입주생 선발 평정기준 : 저소득층 학생 우선 선발 등
12. 입주조건
- *관내 사회기여활동, **교육지원과 청년 관련 교육 이수 의무시간 충족 필수
*사회기여활동(관내 봉사활동) 의무 이행 시간 : 학기당 24시간
**교육지원과 청년대상 관련 교육 이수 시간: 학기당 8시간
- 서대문구 대학생 임대주택 공급 및 지원 조례 제6조제2항에 따라 입주 후 서대문구 거주지
등록이 되어 있어야 함(전입신고 필수)
◆ 유의사항 ◆
1) 이 주택은 양도, 전대할 수 없으며 임차권 또한 양도할 수 없음.
2) 이 주택은 분양을 전제로 하지 않는 임대주택으로, 최초 임대기간 경과시 2년 이내의 범위에서
1회까지 기간 연장이 가능하며 매년 5% 범위 내에서 임대보증금 및 임대료 인상될 수 있음.
2026년 1월 5일
서울특별시 서대문구청장
- 1 -",0.6999999999766667,1.0,0.8,0.5633040690610666,housing_semantic_t85
"안녕하세요! 저는 26살 사회초년생인데, 서울 금천구에서 행복주택에 신청하고 싶어요. 신청 방법이 어떻게 되나요?","['24. 오전 12:21 청년전세임대주택 | 청년·신혼부부 지원 | 서울주거포털\n신청방법\n주소지 주민센터 또는 LH한국토지주택공사 청약센터 : 1600-1004\nstep 1. step 2.', '서울특별시 금천구 공고 제2025 – 2051호\n금천구 1인 가구 청년 맞춤형 주택\n입주자 모집 공고\n금천구는 무주택 청년의 주거불안 해소를 위해 서울주택도시개발공사와 협력하여\n주거·자립 기반이 취약한 청년이 현 생활권에서 안정적으로 거주할 수 있도록\n시세보다 저렴하게 제공하는 청년 맞춤형 공공임대주택 내 공실세대 총 7세대\n(G밸리하우스 3세대, 소셜믹스형 청년주택 4세대)에 대한 입주자를 아래와 같이\n모집합니다. 신청을 희망하시는 청년은 신청서 제출 전에 신청자격, 공급일정, 구비서류 등의\n공고내용을 반드시 숙지하시어 신청과정에서 불이익이 발생하지 않도록 유의\n하시기 바라며, 제출하신 신청 서류의 반환 및 수정은 불가하므로 작성 시 주의하시기\n바랍니다. 2025년 12월 1일\n서울특별시 금천구청장\n■ (기 준 일) 입주자격 판단 기준일은 모집공고일인 2025. 12.', '2025년 3차 행복주택 입주자 모집공고\n<서울리츠 행복주택 포함>\n서류심사 대상자 발표 최종 당첨자 발표\n2026. 1.', '31. 출생자 지원 가능)\n- 직장 재직여부 무관(순위 별 소득요건은 충족하여야 함)\n기 타 - 대학생 및 취업준비생도 청년 지원 가능\n※ 청년자격을 갖추었더라도 자녀가 있고, 자녀와 함께 거주하고자 하는 경우 신혼유형으로 신청하여야 함. 22 2026년 1차 서울시 청년안심주택(공공임대) 입주자 모집공고', 'www.i-sh.co.kr\n2026년 1차 서울시 청년안심주택(공공임대)\n입주자 모집공고\n2026. 3.']","안녕하세요! 26살 사회초년생이시군요. 서울 금천구에서 행복주택에 신청하시려면, 해당 공고의 내용을 확인하고 신청서를 제출하셔야 합니다. 

2025년 3차 행복주택 입주자 모집공고에 따르면, 대학생, 청년, 신혼부부, 고령자, 주거급여 수급자를 대상으로 하는 공공임대주택 공급 안내가 포함되어 있습니다. 구체적인 신청 방법은 공고 내용을 숙지하신 후, 주소지 주민센터나 관련 기관에 문의하시면 됩니다. 

자세한 내용은 금천구청의 공고를 참고하시기 바랍니다. 출처: [2025년 3차 행복주택 입주자 모집공고](https://housing.seoul.go.kr/site/main/content/sh01_060506)입니다.","서울금천 행복주택 예비입주자 모집
(산업단지형)
(입주자모집공고일 : 2025.08.21.)
1. 건설위치 : 서울특별시 금천구 디지털로10길 55(가산동) 행복주택 282호
• LH콜센터(1600-1004) 등을 통해 입주자 모집 공고내용과 관련하여 자세한 안내가 이루어질 수
있도록 상담을 실시하고 있으나, 신청자 개별상황 등에 대한 의사소통 오류로 관련사항 착오안내가
이루어지는 경우가 있습니다. 고객 여러분께서는 신청과 관련한 상담은 주택신청의 참고자료로만
활용해 주시기 바라며, 신청자 본인이 입주자 모집공고를 통해 신청자격 등을 숙지하시어 신청
하시기 바랍니다. 아울러 신청자격 미숙지, 착오 신청 등에 대해서는 신청자 본인에게 책임이
있으니 유의하여 주시기 바랍니다.
• ’19.09.27일 이후 입주자 모집부터 동일유형 공공임대주택의 예비입주자로 중복선정(종전 선정지위
자동탈락)이 되지 않으며, 장기임대주택(통합공공임대, 국민임대, 영구임대, 행복주택) 입주 시
모든 대기자 명부에서 제외 처리되오니 신청 시 유의하시기 바랍니다. 세부적인 사항은 아래 공고문
[3. 신청자격 및 입주자 선정방법] 및 [6. 당첨자 발표 및 계약 안내]를 참조하시기 바랍니다.
• 이 주택의 입주자 모집공고일은 2025.08.21(목)이며, 이는 입주자격(공급계층 및 신청자격,
나이, 세대구성원, 주택소유, 자산, 소득 등)의 판단기준일이 됩니다. 공고문은 LH청약플러스
홈페이지(https://apply.lh.or.kr) 및 모바일앱(LH청약플러스)에서도 확인하실 수 있습니다.
• 서울금천 행복주택은 입주자모집공고일(2025.08.21.) 현재 다음 중 하나에 해당하는 사람
에게 공급됩니다.
※ 신청자격별 세부 무주택·소득·자산 자격요건은 공고문 본문(3. 신청자격 및 입주자 선정방법)을 확인하시기 바랍니다.
① 산업단지근로자
- 해당 주택건설지역(서울시) 또는 연접지역(의정부시, 남양주시, 구리시, 하남시, 성남시, 과천시,
안양시, 광명시, 부천시, 인천광역시, 김포시, 고양시, 양주시)에 소재한 산업단지의 입주 또는
입주예정인 기업 및 교육, 연구기관에 근무 중인 사람
- 해당 주택건설지역(서울시) 또는 연접지역(의정부시, 남양주시, 구리시, 하남시, 성남시, 과천시,
안양시, 광명시, 부천시, 인천광역시, 김포시, 고양시, 양주시)에 소재한 경제자유구역에 입주
또는 입주예정인 중소기업에 근무 중인 사람
② 대학생 계층
- 대학생 : 대학에 재학 중이거나 다음 학기에 입·복학 예정인 사람
- 취업준비생 : 대학 또는 고등학교를 졸업(또는 중퇴)한 지 2년 이내인 사람
③ 청년 계층
- 청년 : 19세 이상 39세 이하인 사람(1985.08.22.~2006.08.21.)
- 사회초년생 : 소득이 있는 업무에 종사한 기간이 총 5년 이내이며, 아래의 하나에 해당하는 사람
1) 소득이 있는 업무에 종사하는 사람
2) 퇴직한 후 1년이 지나지 않은 사람으로서 구직급여 수급자격을 인정받은 사람
3) 예술인
④ 신혼부부·한부모가족 계층
- 신혼부부 : 공고일 현재 혼인 중인 사람으로서 혼인기간이 7년 이내인 사람
또는 6세 이하 자녀(2018.08.22. 이후 출생)를 둔 사람
- 예비신혼부부 : 입주 전까지 혼인사실을 증명할 수 있는 사람
- 한부모가족 : 6세이하 자녀(2018.08.22. 이후 출생)를 둔 한부모인 사람
⑤ 고령자 : 65세 이상의 사람(1960.08.21. 이전 출생)",0.99999999998,1.0,0.6666666666666666,0.6558300810193861,housing_semantic_t85
"안녕하세요, 저는 27살 취준생인데 보증금도 없고 월세도 빠듯해요. 2025년 청년 매입임대주택은 언제부터 신청할 수 있는지 궁금해요.","['금액이 없습니다.(해당 관할 센터에서 신청 가능)\n◽ 현재 공공임대주택에 거주하고 계신 경우 기존의 임대주택을 명도하여야 당첨된 주택에 입주하실 수\n있으며, 동 주택은 타인에게 전대 및 전매할 수 없습니다. ※ 세대를 분리(배우자 및 본인)하여 2개 이상의 임대주택에 입주 불가\n◽ 제출한 서류가 위조 또는 사실과 다르거나 서류의 결격 등인 경우 당첨이 취소됩니다. ◽ 계약금을 기납부한 경우, 직접 관할 센터에 계약금 환불 요청을 하셔야 환불이 가능하며 인감증명서,\n인감도장, 통장사본이 필요합니다.', '(SH공사 영구임대주택 공고 포함하여 중복신청 불가)\n※ 세대원수별 면적제한 없이 신청 가능합니다. ※ 견본주택은 운영하지 않으니 참고하시기 바랍니다.', '24. 오전 12:21 청년전세임대주택 | 청년·신혼부부 지원 | 서울주거포털\n신청방법\n주소지 주민센터 또는 LH한국토지주택공사 청약센터 : 1600-1004\nstep 1. step 2.', '서울지역본부 청년매입임대주택 예비입주자 모집공고\n□ 청년 매입임대주택은 LH에서 주택을 매입하여 청년(19세~39세), 대학생 및 취업준비생을 대상으\n로 시중시세 40~50% 수준으로 임대하는 주택입니다. □ LH에서는 마이홈센터(☏1600-1004, 내선번호 2번→3번)를 통해 모집공고에 대한 안내가 이루어질 수\n있도록 상담을 실시하고 있습니다.', '1.(월)입니다. ■ (입주자격) 모집공고일 현재 서울시에 거주하는 무주택세대구성원 청년으로서, 전년도 도시근로자\n월평균소득의 70% 이하인 경우에 한해 입주자를 선정합니다. (2025년 통계청 발표자료 기준)\n■ (접수방법) 등기우편 접수 [서울시 금천구 시흥대로73길 70, 금천구청 9층 일자리청년과 청년주택 담당자 앞]\n■ (신청접수) 현재는 G밸리하우스(근로자동·기업인동) 및 소셜믹스하우스 청년주택 입주 신청이 가능하며, 입주\n호실은 추첨 절차를 통해 확정됩니다.(호실 간 상호교환 불가)\n■ (기타 안내사항)\n· 맞춤형 공공임대주택은 공동체주택의 성격을 가지며, 입주민이 자발적으로 공동체를 형성하여 주택의\n유지ˑ관리와 상호 지원을 실천하는 것을 지향합니다. · 공동체주택의 입주자는 책임 의식을 바탕으로 상호 협력해야 할 의무가 있습니다.']","안녕하세요! 2025년 청년 매입임대주택의 신청 기간은 2026년 3월 31일부터 2026년 4월 23일까지입니다. 이 주택은 LH에서 주택을 매입하여 청년(19세~39세), 대학생 및 취업준비생을 대상으로 시중 시세의 40~50% 수준으로 임대하는 주택입니다. 자세한 사항은 '서울지역본부 청년매입임대주택 예비입주자 모집공고'를 참고하시기 바랍니다.","청렴 청신호, 부패 적신호
2025년 2차
청년 매입임대주택
입주자모집
2025. 12. 26.
서울주택도시개발공사",0.0,0.3333333333333333,0.4,0.4228100021884458,housing_semantic_t85
"안녕하세요! 저는 29살 직장인인데, 마포구에 살고 있어요. 전세로 이사하고 싶은데 집값이 너무 비싸서 고민이에요. 장기전세주택 같은 정책이 있던데, 이런 저렴한 정책과 공공임대 주택은 어떤 게 더 좋은 선택일까요?","['제6차 장기전세주택2(미리내집) 입주자 모집\n나. 배점기준표\n▶ 가점 기준\n구분 5점 4점 3점 2점 1점\n① 공급 신청자의 서울특별시 연속 거주기간 7년 이상 5년 이상 3년 이상\n10년 이상 3년 미만\n(만19세 이후, (예비)부부합산 가능) 10년 미만 7년 미만 5년 미만\n② 공 급 신청자의 주택청약종합저축(청약저축) 납입 횟수 84회 이상 60회 이상 36회 이상\n120회 이상 36회 미만\n((예비)부부 각각의 납입인정회차 합산 가능) 120회 미만 84회 미만 60회 미만\n○ 서 울특별시 연속 거주기간: 성년(만19세)이후부터 기산하며 입주자 모집공고일 현재까지 연속(서울특별시 최종\n전입일로부터 기산)하여 서울특별시에 거주한 기간을 의미함. 주민등록말소(거주불명등록 등), 주택공급에 관한 규칙 제4조\n제7항에 해당하는 해외체류는 서울시 거주기간으로 보지 않으며, 서울시 재등록일로부터 연속하여 거주한 기간을 인정함\n○ 주 택청약종합저축(청약저축) 납입횟수: 청약통장은 공고일 현재 신청자 본인 및 (예비)배우자 명의만 유효함. 청약통장은\n한국부동산원을 통해 확인하며, 조회 결과를 기준으로 가점을 판단하므로 우리공사의 청약통장 조회시점 이후\n변동사항(청약통장 부활, 추가납입 등)을 인정하지 않음\n▶ 감점기준 : 2009.11.30 이후 입주자모집공고에 의거 장기전세주택을 계약한 자에 해당함\n감점 기준 감점 점수\n가.', '제6차 장기전세주택2(미리내집) 입주자 모집\n3 공급 현황\n가. 신규공급\n서울시 매입형\n전세금액(천원) 세대당 계약면적\n입주\n전용 공급 난방\n자치구 단지명 유형 계약금 잔금 시작\n면적 호수 주거 주거 기타 방식\n계 (계약시) (입주시) 합계 (예정)\n전용 공용 공용\n10% 90%\n계 일반 141\n개별\n강북구 한화포레나미아 53 일반 25 314,340 31,434 282,906 53.98 20.61 41.80 116.39 `26.5. 난방\n지역\n45 일반 37 620,880 62,088 558,792 45.96 21.74 45.39 113.09 `26.5.', '제6차 장기전세주택2(미리내집) 입주자 모집\n4 신청 자격\n가. 신청자격\n입 주자 모집 공고일(2025.11.28.) 현재 서울특별시에 거주하는 무주택세대구성원(예비\n신혼부부의 경우 혼인으로 구성될 세대원이 무주택자)으로서 아래의 요건을 모두 갖춘 자\n(신혼부부는 ①-㉮와 ②~⑤를, 예비신혼부부는 ①-㉯와 ②~⑤를 모두 갖추어야 함.)\n①-㉮ ( 신혼부부) 「가족관계의 등록 등에 관한 법률」에 따라 혼인 신고를 한 날로부터 7년 이내(2018.11.29.이후,\n당일포함) 인 자\n①-㉯ (예비신혼부부) 혼인을 계획 중이며 해당 주택의 입주전까지 「가족관계의 등록 등에 관한 법률」에 따른 혼인\n사실을 증명할 수 있는 자\n② (전용면적 60㎡ 이하) 해당 무주택세대구성원(예비신혼부부의 경우 혼인으로 구성될 세대)의 월평균소득이 전년도\n도시근로자 가구원수별 가구당 월평균소득의 120% 이하일 것(맞벌이 신혼부부의 경우 180% 이하)\n(전용면적 60㎡ 초과) 해당 무주택세대구성원(예비신혼부부의 경우 혼인으로 구성될 세대)의 월평균소득이 전년도\n도시근로자 가구원수별 가구당 월평균소득의 150% 이하일 것(맞벌이 신혼부부의 경우 200% 이하)\n③ 해당 무주택세대구성원(예비신혼부부의 경우 혼인으로 구성될 세대)이 보유하고 있는 총자산가액 합산액 및\n자동차가액이 기준 이하일 것\n총자산가액 기준\n⑴ 2023.3.28. 이후 출생한 자녀(태아 포함)만 1명 있는 경우: 70,400만원\n⑵ 2023.3.28.', '제6차 장기전세주택2(미리내집) 입주자 모집\n관 련 유의사항\n○ 외국인은 신청할 수 없습니다. ○ 「 공공주택 특별법 시행규칙」제13조 제2항에 따라 세대구성원이「국민기초생활보장법 시행령」제2조 제2항 제5호부터 제7호\n까지의 규정에 해당하는 경우에는 해당 세대의 구성원에서 제외되며, 신청자 본인이 입증서류를 제출하여야 합니다. - 실종선고 절차가 진행 중인 사람\n- 가 출 또는 행방불명으로 경찰서 등 행정관청에 신고된 후 1개월이 지났거나 가출 또는 행방불명 사실을 특별자치시장·\n특별자치도지사·시장·군수·구청장이 확인한 사람\n- 그 밖에 생계 및 주거를 달리한다고 시장·군수·구청장이 확인한 사람\n○ 금 회 공급하는 주택은 거주 지역 및 거주 기간 제한이 있는 주택으로 거주 기간은 입주자 모집 공고일을 기준으로 역산했을\n때 계속하여 국내에 거주하고 있는 기간을 말하며,「주택공급에 관한 규칙」 제4조 제7항에 해당할 경우 국내에 거주하지 않은\n것으로 봅니다. ○ 청약 신청 자격의 판단 기준일은 본 공고문의 모집 공고일(2025.11.28.)입니다.', '제6차 장기전세주택2(미리내집) 입주자 모집\n○ 일반 자격으로 신청한 세대는 장애인 등 주거약자의 자격을 갖춘 자라 하더라도 주거약자 주택으로 공급되지 않으며,\n주거약자 주택으로 공급받기 원하는 경우 주거약자 주택으로 신청해야 합니다. ○ 위 주택면적은 동일 단지 내 일반적인 1개 타입의 면적으로 각 타입별로 세부 면적은 조금씩 상이하나, 전세금액은\n동일합니다.']","안녕하세요! 서울시 청년 주거 정책 전문 상담사입니다. 마포구에 거주하시면서 전세로 이사하고 싶으시군요. 장기전세주택과 공공임대주택은 각각의 장점이 있으니, 상황에 맞게 선택하시면 좋겠습니다.

1. **장기전세주택**: 서울특별시에서 제공하는 장기전세주택은 최대 10년 거주할 수 있으며, 출산 시에는 20년까지 거주할 수 있는 혜택이 있습니다. 이 정책은 출산을 계획 중인 신혼부부를 지원하는 방향으로 설계되어 있습니다. 신청 자격은 무주택 세대구성원으로, 소득 및 자산 기준이 있으며, 전용면적 60㎡ 이하의 경우 월평균소득이 전년도 도시근로자 가구원수별 가구당 월평균소득의 120% 이하이어야 합니다. (출처: 제6차 장기전세주택2(미리내집) 입주자 모집)

2. **공공임대주택**: 공공임대주택은 다양한 유형이 있으며, 일반적으로 저렴한 임대료로 제공됩니다. 이 또한 무주택 세대구성원이 신청할 수 있으며, 소득 및 자산 기준이 있습니다. 공공임대주택은 장기전세주택보다 더 다양한 조건과 유형이 있으니, 본인의 상황에 맞는 주택을 선택할 수 있습니다.

결론적으로, 장기전세주택은 출산 계획이 있는 신혼부부에게 유리하며, 공공임대주택은 보다 다양한 선택지를 제공합니다. 본인의 상황과 필요에 따라 적합한 정책을 선택하시길 권장드립니다. 추가적인 질문이 있으시면 언제든지 문의해 주세요!","제47차 장기전세주택 예비 3차 입주자 계약안내문
귀하께서 신청하신 제47차 장기전세주택 (2025.04.30.공고) 예비 3차 계약 일정을 안내하오니 계약 시 구
비서류, 유의사항 등 아래내용을 반드시 숙지하신 후 계약기간 내에 우리공사 방문 및 온라인으로 필히 계약
을 체결하여 주시기 바랍니다. 계약금을 납부하였더라도 계약기간 내에 공사 방문 또는 온라인으로 계약
을 체결하지 않을 경우 계약의사가 없는 것으로 간주하여 당첨이 취소되며 납부하신 계약금은 환불됩니다.
계약이 체결된 이후에 계약을 취소하실 경우에는 추후 모집 공고에서 재당첨에 대한 감점의 불이익을
받으실 수 있으니 계약 시 유의하여 주시기 바랍니다.(계약 전 주택을 방문하여 시설물 등을 점검할 수
있으며 관련 사항은 [붙임] 관할센터를 통해 문의하시기 바랍니다.)
당첨자 발표일(2026.04.17.) 이전 분양권 소유(주택 소유)등의 사실이 추후 확인될 경우 즉시 계약 취소 및
퇴거될 수 있습니다.(입주 후에도 동일 적용)
※ 서울주택도시개발공사는 계약자의 임대보증금 대출을 보장하지 않으며, 특히, 신규 단지의 경우 준공
및 등기절차가 예정보다 지연될 경우 금융권 전세자금 대출에 어려움이 있을 수 있으니, 반드시 계약 체
결 전 금융권 상담 등을 통해 자금조달계획을 마련하시기 바랍니다.
※ 동일 단지, 면적이더라도 시스템에어컨, 붙박이장 등 옵션이 다를 수 있으며, 전자팜플렛에 표기된 세대 내
가구, 평면도는 실제와 차이가 있을 수 있으니 반드시 직접 현장 방문 및 주택 사전점검 후에 계약 여부를 판
단하시기 바랍니다. 당첨된 주택의 동·호는 동일지구(또는 단지) 동일면적 당첨자를 대상으로 동·층·향·타입 별
구분 없이 무작위 전산추첨하며 어떠한 사유로도 변경할 수 없습니다.
가. 계약 장소 및 입주 기간
구분 계약일자 계약장소 비고
2026.05.06.(수) 10:00 ~
온라인 (개인)PC 또는 ※ 입금확인 문자 수신 후 계약
2026.05.07.(목) 17:00
계약 본인 명의 휴대폰 종료 시간까지 상시 계약 가능
※ 2026.05.07.(목) 16시까지 계약금 입금
서울주택도시개발공사 1층
방문계약 2026.05.08.(금) 10:00 ~ 17:00 미리내집공급부 ※ 점심시간 : 12시 ~ 13시
(3호선 대청역 7,8번 출구)
입주기간 2026.05.18.(월) ~ 2026.07.17.(금)
※ 온라인 계약은 계약금 입금 후 확인까지 약 1시간 정도 소요되오니 참고하시기 바랍니다.
※ 계약 후 입주기간 내에 입주하지 않을 경우, 입주종료일 이후 관리비 및 잔금에 대한 연체료 등을
계약자가 부담하게 됩니다.
※ 입주 희망일로부터 최소 2주 전에 관할 센터와 입주일을 협의하여 입주 절차를 진행하시기 바랍니다.
- 1 -",0.49999999995,0.0,0.23529411764705882,0.0,housing_semantic_t85
"안녕하세요, 저는 31살이고 서울 금천구에 살고 있는 무주택자예요. 장기전세주택 같은 프로그램에 관심이 많은데, 소득이나 자산 관련해서 어떤 자격조건이 필요한지 궁금해요.","['4. 신청자격\n입주자모집공고일(2026.04.10.) 현재 주택건설지역(서울특별시, 인천광역시 및 경기도지역)에 거주하는 무주택세대구\n성원으로서 아래의 기준을 충족하는 사람\n(단, 모집공고일로부터 입주 시까지 무주택세대구성원을 유지해야 하며, 무주택세대구성원을 유지하지 않을 경우 당첨\n취소 및 계약거절 등의 불이익을 받을 수 있으니 이점 유의하시기 바라며, 신청자의 세대구성원 중에 과거에 공공임\n대주택 임차인으로서 불법양도·전대 행위로 적발된 후 4년이 경과되지 않은 자가 있는 경우 신청자는 공공임대주택\n입주자로 선정 불가합니다.)\n■ 성년자\n「민법」상 미성년자(만 19세 미만)는 공급 신청할 수 없습니다. 단, 아래의 어느 하나에 해당하는 경우 미성년자도\n공급 신청 가능합니다. - 자녀가 있는 세대주인 미성년자(단, 동일한 세대별 주민등록표에 자녀가 등재되어야 함)\n- 직계존속의 사망, 실종, 행방불명 등으로 형제자매를 부양하여야 하는 미성년 세대주 (단, 행방불명의 경우 신고\n접수증으로 증빙해야하며, 부양해야하는 형제자매는 동일한 세대별 주민등록표상에 등재되어있어야 함)\n- 외국인 부모와 미성년 자녀(내국인) 세대주로 구성된 한부모가족인 경우(단, 이 경우 외국인 부모가 대리하여 신청)\n■ 무주택세대구성원(세대에 속하는 사람 전체가 무주택인 세대의 구성원)\n- 3 -', '1.(월)입니다. ■ (입주자격) 모집공고일 현재 서울시에 거주하는 무주택세대구성원 청년으로서, 전년도 도시근로자\n월평균소득의 70% 이하인 경우에 한해 입주자를 선정합니다. (2025년 통계청 발표자료 기준)\n■ (접수방법) 등기우편 접수 [서울시 금천구 시흥대로73길 70, 금천구청 9층 일자리청년과 청년주택 담당자 앞]\n■ (신청접수) 현재는 G밸리하우스(근로자동·기업인동) 및 소셜믹스하우스 청년주택 입주 신청이 가능하며, 입주\n호실은 추첨 절차를 통해 확정됩니다.(호실 간 상호교환 불가)\n■ (기타 안내사항)\n· 맞춤형 공공임대주택은 공동체주택의 성격을 가지며, 입주민이 자발적으로 공동체를 형성하여 주택의\n유지ˑ관리와 상호 지원을 실천하는 것을 지향합니다. · 공동체주택의 입주자는 책임 의식을 바탕으로 상호 협력해야 할 의무가 있습니다.', '1. 출생자)\n❍ (혼인) 혼인 중이 아닌 자\n❍ (소득) 전년도 도시근로자 가구당 월평균 소득 70% 이하인 무주택세대구성원* 중\n소득이 있는 업무종사자 또는 예비창업가\n※ “소득이 있는 업무종사자”의 경우 지역가입자 또는 직장가입자로 건강보험을 납부하는 경우에 한함\n(피부양자 불가)\n[참고] 무주택세대구성원 정의 (주택공급에 관한 규칙 제2조)\n「무주택세대구성원」: 세대원* 전원이 주택을 소유하고 있지 않은 세대의 구성원\n*「세대원」(=세대) : 아래(①∼③) 대상자로 구성(주택공급신청자가 세대별 주민등록표에 등재되어 있지 않은 경우는 제외)\n① 주택공급신청자\n② 주택공급신청자의 직계존속으로서 주택공급신청자와 같은 세대별 주민등록표에 등재되어 있는 사람\n③ 주택공급신청자의 직계비속으로서 주택공급신청자와 세대별 주민등록표에 함께 등재되어 있는 사람\n※ 외국인은 신청할 수 없음\n※ 주택소유여부, 소득·자산산정, 중복신청 및 중복입주 확인은 해당세대(무주택세대구성원 전원) 대상으로 실시\n※ 가족관계증명서 상 배우자가 있는 경우 청년주택 신청 불가\n기타 자격요건\n(G밸리하우스만 해당)\n구 분 입주 요건\n- 금천구 또는 서울시 소재 사업장에서 근무하는 근로자\n근로자동 - 금천구 사업장에서 근무하는 기간제 근로자 (※ 1년 이상 근로계약 체결)\n(택1 충족) - 금천구 소상공인 사업장에서 근무하는 근로자\n※ ‘근로자’의 기준 : 직장가입자로 건강보험을 납부하는 자 / 피부양자 불가\n청년 기업가 및 - 입주 후 15일 이내에 해당 임대주택을 사업장으로 사업자등록\n기업인동 1인 창조 기업인 신청 후 입주 시 사업자등록증 사본 제출\n(택1 충족) - 입주 후 30일 이내에 해당 임대주택을 사업장으로 사업자등록\n1인 예비 창업가\n신청 후 입주 시 사업자등록증 사본 제출\n- 5 -', '3. 신 청 자 격\n입주자 모집공고일(2025.11.13.) 현재 서울특별시에 거주하는 성년자인 무주택세대구성원으로,\n영구임대주택 입주자 자격에 해당되며 아래의 소득 및 자산보유 기준을 충족하는 사람\n[다만 불법양도・전대자 재입주 금지 규정(공공주택 특별법 제49조의8)에 따라 신청자의 세대구성원 중에 과거에 공공\n임대주택 임차인으로서 불법양도・전대 행위로 적발된 후 4년이 경과되지 않은 자가 있는 경우 신청자는 공공임대주택\n입주자로 선정 불가]\n■ 일반공급 * 공공주택특별법시행규칙 별표3 제1호 일반공급 1순위\n구분 입주자격\n가. ｢국민기초생활 보장법」 제7조제1항제1호에 따른 생계급여 수급자 또는 같은 항 제3호에\n따른 의료급여 수급자(이하 이 별표에서 수급자라 한다)\n나.', '제6차 장기전세주택2(미리내집) 입주자 모집\n4 신청 자격\n가. 신청자격\n입 주자 모집 공고일(2025.11.28.) 현재 서울특별시에 거주하는 무주택세대구성원(예비\n신혼부부의 경우 혼인으로 구성될 세대원이 무주택자)으로서 아래의 요건을 모두 갖춘 자\n(신혼부부는 ①-㉮와 ②~⑤를, 예비신혼부부는 ①-㉯와 ②~⑤를 모두 갖추어야 함.)\n①-㉮ ( 신혼부부) 「가족관계의 등록 등에 관한 법률」에 따라 혼인 신고를 한 날로부터 7년 이내(2018.11.29.이후,\n당일포함) 인 자\n①-㉯ (예비신혼부부) 혼인을 계획 중이며 해당 주택의 입주전까지 「가족관계의 등록 등에 관한 법률」에 따른 혼인\n사실을 증명할 수 있는 자\n② (전용면적 60㎡ 이하) 해당 무주택세대구성원(예비신혼부부의 경우 혼인으로 구성될 세대)의 월평균소득이 전년도\n도시근로자 가구원수별 가구당 월평균소득의 120% 이하일 것(맞벌이 신혼부부의 경우 180% 이하)\n(전용면적 60㎡ 초과) 해당 무주택세대구성원(예비신혼부부의 경우 혼인으로 구성될 세대)의 월평균소득이 전년도\n도시근로자 가구원수별 가구당 월평균소득의 150% 이하일 것(맞벌이 신혼부부의 경우 200% 이하)\n③ 해당 무주택세대구성원(예비신혼부부의 경우 혼인으로 구성될 세대)이 보유하고 있는 총자산가액 합산액 및\n자동차가액이 기준 이하일 것\n총자산가액 기준\n⑴ 2023.3.28. 이후 출생한 자녀(태아 포함)만 1명 있는 경우: 70,400만원\n⑵ 2023.3.28.']","안녕하세요! 서울 금천구에 거주하는 무주택자이시군요. 장기전세주택에 대한 자격조건은 다음과 같습니다.

장기전세주택의 경우, 신청자는 서울특별시에 거주하는 무주택세대구성원이어야 하며, 아래의 소득 및 자산 기준을 충족해야 합니다:

1. **소득 기준**: 해당 무주택세대구성원의 월평균소득이 전년도 도시근로자 가구원수별 가구당 월평균소득의 120% 이하이어야 합니다. 맞벌이 신혼부부의 경우 180% 이하로 설정되어 있습니다.

2. **자산 기준**: 보유하고 있는 총자산가액 합산액 및 자동차가액이 기준 이하이어야 합니다. 예를 들어, 2023.3.28. 이후 출생한 자녀(태아 포함)만 1명 있는 경우 총자산가액 기준은 70,400만원입니다.

이와 같은 조건을 충족하신다면 장기전세주택에 신청하실 수 있습니다. 더 자세한 사항은 서울특별시의 공식 공고문을 참고하시기 바랍니다. 

출처: 제6차 장기전세주택2(미리내집) 입주자 모집 공고.","SH무물상담소 www.i-sh.co.kr
미리내집
안내영상 주택관리번호: 2025000609
우리 공사는 시민의 복리증진과 주거생활 안정 및 지역경제발전, 지역개발 활성화를 위한
다양한 개발사업을 수행하는 전문 공공기관으로서 역할을 명확히 하고자 사명을 25.7.11일자로
“서울주택도시공사”에서 “서울주택도시개발공사“로 변경하였습니다.
제6차 장기전세주택2 (미리내집)
입주자 모집공고
2025.11.28.(금)
입주자 모집 절차 및 일정
서류심사
입주자 서류심사 대상자 소득 · 자산
접수기간 당첨자 발표 계약 체결
모집공고 대상자 발표 서류제출 소명
(우편접수)
’25.12.10.(수) ’26.01.07.(수) ’26.04.27.(월)
’25.11.28. ’25.12.29. 대상자 ’26.03.27.
~ ~ 이후
(금) (월) 별도 통보 (금)
’25.12.12.(금) ’26.01.09.(금) (단지별 상이)",0.99999999998,0.8,0.8181818181818182,0.4489702810417642,housing_semantic_t85
"안녕하세요! 저는 31살이고 금천구에 살고 있는 무주택자예요. 집값이 너무 비싸서 힘든데, 보증금 지원형 장기안심주택 같은 정책을 통해서 최대 어느 정도의 보증금을 지원받을 수 있을까요?","['2025년 제2차 보증금지원형 장기안심주택\n입주대상자 모집공고\n서울시 무주택시민의 주거안정을 위하여 세입자에게\n전월세보증금을 지원하는 장기안심주택 입주대상자를 아래와 같이 모집합니다. ※ 보증금지원형 장기안심주택은 실주택을 공급하지 않고 순수 보증금 일부만 지원하며,\n입주대상자로 선정된 이후 당첨자가 직접 주택을 물색하여야 합니다. 1 사업개요\n▶ 보증금지원형 장기안심주택이란?', '3\n지원금액 및 월 임대료\n■ 지원금액\n※ 주택도시기금에서 보증금을 지원하며 주택도시기금 운영계획에 따라 지원기준금액이 변경될 수 있음\n구분 지원기준금액1) 최대지원금액2) 입주자부담금3) 보증금한도액4)\n지원기준금액의\n호당 지원기준금액의 80% 이내 지원기준금액 범위 내\n내용 150% 이내\n2억원 (최대 1억 6,000만원) 전세보증금의 20%\n(최대 3억원)\n1) 지원기준금액 : 임대보증금이 지원기준금액을 초과하는 경우 초과분은 입주자가 부담\n2) 최대지원금액 : 지원기준금액의 일정 범위 내 금액으로 공사가 실제 지원하는 최대 금액\n3) 입주자부담금 : 지원기준금액에서 최대지원금액을 뺀 금액으로 계약 시 입주자가 계약금으로 부담\n4) 보증금한도액 : 계약 가능한 주택의 보증금 최대금액. ※ 보증금한도액 범위 내에서 최대지원금액을 초과하는 주택 전세보증금은 입주자가 부담함\n■ 월 임대료 ※ 월 임대료 및 우대금리 등은 주택도시기금 운용계획 융자조건에 따라 변동 가능\n○ 월임대료 : 지원받은 금액에 따라 연 금리 1.2~2.2% 적용하여 월 임대료 산정\n지원금액 4천만원 이하 4천만원 초과 ~ 6천만원 이하 6천만원 초과\n금리(연이율) 연 1.2% 연 1.7% 연 2.2%\n○ 우대금리 : 중복적용 가능하며, 최저금리는 1.2%임\n생계·의료급여수급자 ▼ 0.2%p\n1자녀 ▼ 0.2%p\n미성년자녀 2자녀 ▼ 0.3%p\n3자녀 이상 ▼ 0.5%p\n2025년 전세임대형 든든주택 입주자 모집공고 5', '▶ 지원가능주택 및 지원금\n구 분 전 세 보증부월세\n가구원수 무관 전용85㎡ 이하\n지원 면적 ※ 공고일(‘25.12.17.) 현재 ① 5인 이상 가구 또는 ② 한부모 미성년 3자녀 이상 가구는\n가능 전용85㎡ 초과 가능\n주택\n보증금 전세보증금 4억9천만원 이하 기본보증금 + 전세전환보증금 합계 4억9천만원이하\n보증금 1억5천만원 초과인 주택 : 보증금의 30%, 최대 6천만원 무이자 지원\n●\n지원금\n보증금 1억5천만원 이하인 주택 : 보증금의 50%, 최대 4천5백만원 무이자 지원\n●\n지원기간 2년 단위 재계약(입주자 신청자격 유지시), 최대 10년간 지원\n※ 전세전환보증금 = 월세금액 x 12 / 전환율 4% (재계약시 전환율은 변경 될 수 있음)\n※ 보증부 월세는 1년 월세총액(월세×12개월)이 지원금을 제외한 입주자 본인 부담금을 초과할 수 없음\n▶ 지원금 산정기준 예시\n구분 임대조건 지원금 지원금 산정기준\n1억5천만원 × 50% = 7천5백만원이나,\n1억5천만원 4천5백만원\n최대 지원한도인 4천5백만원 지원\n전세\n3억원 × 30% = 9천만원이나,\n3억원 6천만원\n최대 지원한도인 6천만원 지원\n기본보증금 1억원 기본보증금 1억원 × 50% = 5천만원이나,\n4천5백만원\n+월세 80만원 최대 지원한도인 4천5백만원 지원 (월세 지원없음)\n기본보증금 2억원 기본보증금 2억원 × 30% = 6천만원으로,\n보증부 6천만원\n+월세 80만원 최대 지원한도인 6천만원 지원 (월세 지원없음)\n월세\n기본보증금 2천만원 × 50% = 천만원이나,\n기본보증금 2천만원\n해당없음 1년 월세 총액(백만원×12개월=12백만원)이\n+월세 백만원\n본인부담 보증금(천만원)을 초과하므로 지원불가\n▶ 지원방법\n○ 임대인-임차인-서울주택도시개발공사(공동임차인) 3자 계약체결 후 잔금일에 임대인 계좌로 지원금 입금\n- 계 약시 3자 계약체결 방식으로 장기안심주택 계약서를 작성해야 하므로, 해당 내용을 주택 물색시\n공인중개사 및 임대인에게 알려야 합니다. - 기 존 거주 주택에서 장기안심주택 지원을 받는 경우에도 장기안심주택 계약서를 새로 작성해야 합니다.', '▶ 대상자별로 제공될 수 있는 편의시설내역과 세부설명자료, 신청서 등은 계약시 별도 안내\n▶ 신청시 필요서류 : 장애인증명서(장애인복지카드 사본), 국가유공자 확인원, 지원대상자 확인원, 보훈보상대상자 확인원,\n5․18민주유공자 확인원, 고엽제법 적용 대상 확인원, 국가유공자에 준하는 군경 등(유족 및 가족) 확인서\n▶ 신청기간 : 계약 체결기간 내\n이 주택은 무주택국민의 주거복지 증진을 위해 정부 재정과 주택도시기금 지원으로 건설됩니다. - 25 -', '24. 오전 12:21 청년전세임대주택 | 청년·신혼부부 지원 | 서울주거포털\n보증부월세 전세임대주택의 경우 매월 지급하는 월세는 입주대상자가 직접 임대인에게 지급하여야 하며, 1년치 월세에 해당하는 금액을 계약시 기본보증금\n계약 만료시 반환함)하여야 함\n※ 단, 수도권(60만원), 광역시(45만원), 기타지역(40만원) 한도의 보증부월세는 입주대상자가 원할 경우 3개월분 월세에 해당하는 금액만 입주자가 부담하고 9개월치 월세는\n대체가능함\n일반형 쉐어형\n단독거주 2인 거주 3인 거주\n60㎡이하 70㎡ 이하 85㎡ 이하\n기본임대조건 및 지원금리\n월임대료 (지원금 기준)\n구분 보증금\n4천만원 이하 4천만원 초과~6천만원이하 6천\n1·2순위 100만원 연 1.0% 연 1.5% 연\n3순위 200만원 연 2.0% 연 2.5% 연\n※ 임대기간 최초 계약 2년, 자격요건 충족시 2회 재계약 가능(졸업시 재계약불가)\n전년도 도시근로자 가구당 월평균소득 (2025년 적용기준)\n가구원수 가구원수별 가구당 월평균소득의 50% 가구원수별 가구당 월평균소득의 70% 가구원수별 가구당 월평\n1인가구 1,799,082원 2,518,715원 3,598,7\n2인가구 2,738,502원 3,833,902원 5,477,0\n3인가구 3,813,487원 5,338,881원 7,626,9\n4인가구 4,289,044원 6,004,662원 8,578,0\n5인가구 4,515,524원 6,321,734원 9,031,0\n6인가구 4,866,543원 6,813,160원 9,733,0\n7인가구 5,217,562원 7,304,587원 10,435,1\n신청순위\n1순위(생계·의료 수급가구, 보호대상 한부모가족, 아동복지시설 퇴소자, 가구당 월평균소득 70%이하 장애인)\n2순위(가구당 월평균소득 50% 이하, 가구당 월평균소득 100% 이하 장애인)\n3순위(가구당 월평균소득 100% 이하, 가구당 월평균소득 150% 이하 장애인)\n* 다만, 월평균소득 이하 가구는 영구임대주택 입주자 보유 자산 기준을 초과하는 경우 입주대상에서 제외\n(총자산 19,600만원 자동차 2,499만원)\nhttps://housing.seoul.go.kr/site/main/content/sh01_060506 2/3']","안녕하세요! 보증금 지원형 장기안심주택 정책에 따르면, 최대 6천만원의 보증금을 무이자로 지원받을 수 있습니다. 이 정책은 서울시 무주택 시민을 위한 전월세 보증금 지원 프로그램으로, 보증금의 30%를 지원합니다. 

자세한 내용은 ""2025년 제2차 보증금지원형 장기안심주택 입주대상자 모집공고""를 참고하시면 됩니다. 추가로 궁금한 사항이 있으시면 언제든지 문의해 주세요!","www.i-sh.co.kr
2025년 제2차
보증금지원형 장기안심주택
입주대상자 모집공고
2025. 12. 17.
공급절차 및 일정
입주자 모집공고 청약접수 서류제출
'25.12.17.(수) '25.12.29.(월) ~ '25.12.31.(수) '25.12.29.(월) ~ '26.01.08.(목)
▶ ▶
등기우편 접수만 가능
공사 홈페이지 인터넷 청약
(인터넷 청약자 전원 제출)
소득 · 자산 소명 당첨자 발표 계약 체결
▶ ▶ ▶
대상자 별도통보 '26.03.19.(목) '27.03.18.(목)까지",0.5833333333041666,0.875,0.8,0.5722366406604972,housing_semantic_t85
"안녕하세요, 32살 신혼부부입니다. 집값이 너무 비싸서 영구임대주택 신청하려고 하는데, 신청은 어떻게 해야 하나요?","['(예비신혼부부만 제출) 세대구성 확인서\n본인 및 예비배우자는 금회 모집하는 신혼·신생아 매입임대주택에 예비신혼\n부부 자격으로 신청하는 데 있어 해당 주택의 입주 전일까지 아래와 같이\n세대를 구성할 것이며, 혼인으로 구성될 세대를 확인하기 위한 증빙서류를\n기한 내 제출하지 않을 경우 당첨 및 임대차계약이 무효처리 될 수 있음을\n확인하였습니다. 신청인과의 신청자가 속한\n성 명 주민번호\n관 계 세대주와의 관계\n본인 -\n배우자 -\n-\n-\n-\n2026년 월 일\n신청인1(대표신청인) : (인)\n신청인2(예비배우자) : (인)\n한국토지주택공사 서울지역본부장 귀하\n- 25 -', '금액이 없습니다.(해당 관할 센터에서 신청 가능)\n◽ 현재 공공임대주택에 거주하고 계신 경우 기존의 임대주택을 명도하여야 당첨된 주택에 입주하실 수\n있으며, 동 주택은 타인에게 전대 및 전매할 수 없습니다. ※ 세대를 분리(배우자 및 본인)하여 2개 이상의 임대주택에 입주 불가\n◽ 제출한 서류가 위조 또는 사실과 다르거나 서류의 결격 등인 경우 당첨이 취소됩니다. ◽ 계약금을 기납부한 경우, 직접 관할 센터에 계약금 환불 요청을 하셔야 환불이 가능하며 인감증명서,\n인감도장, 통장사본이 필요합니다.', '서울지역본부 신혼·신생아 매입임대주택Ⅰ 예비입주자 모집공고\n□ 신혼·신생아 매입임대주택Ⅰ은 도심 내 신혼부부 등이 원하는 생활권에서 안정적으로 거주할 수 있도록\nLH에서 주택을 매입하여 시중시세의 30~40% 수준으로 임대하는 주택입니다. □ LH에서는 마이홈센터(☏1600-1004, 내선번호 2번→3번)를 통해 모집공고에 대한 안내가 이루어질 수\n있도록 상담을 실시하고 있습니다.', '24. 오전 12:21 청년전세임대주택 | 청년·신혼부부 지원 | 서울주거포털\n신청방법\n주소지 주민센터 또는 LH한국토지주택공사 청약센터 : 1600-1004\nstep 1. step 2.', '단, 실제 근무지가 사업자등록증의 소재지와\n다른 경우 신청인이 해당 증빙서류(재직증명서, 근로계약서 등)를 추가 제출할 경우 인정받을 수 있습니다. ※ 해당 주택공급신청자의 혼인 합산 기간이 7년(2,555일)이내이거나 만 6세 이하의 자녀를 둔 자는 신청 가능하며,\n공고일 기준으로 현재 배우자와의 혼인기간을 합산하여 2,555일 이내여야 신청 가능합니다. ※ 예비신혼부부의 경우 두 명 중 한 명을 대표신청자로 지정하여 대표자가 1주택을 신청하여야 합니다. (예비신혼부부\n(본인 및 예비배우자)는 1세대로 간주하여 같은 계층 및 다른 계층으로 중복 신청할 경우 전부 무효처리합니다.)']","안녕하세요! 신혼부부를 위한 영구임대주택 신청 방법에 대해 안내드리겠습니다. 현재 서울시에서는 신혼·신생아 매입임대주택Ⅰ과 같은 정책이 있습니다. 이 주택은 LH에서 매입하여 시중 시세의 30~40% 수준으로 임대하는 주택입니다.

신청 방법은 다음과 같습니다:

1. **신청 자격 확인**: 무주택 세대 구성원이어야 하며, 소득이 70% 이하인 경우 신청 가능합니다.
2. **신청 기간**: 예를 들어, 2026년 3월 31일부터 4월 23일까지 모집이 진행됩니다.
3. **서류 제출**: 예비신혼부부 자격으로 신청 시 세대구성 확인서를 제출해야 하며, 혼인으로 구성될 세대를 확인하기 위한 증빙서류도 필요합니다.
4. **상담 및 문의**: 추가적인 정보나 상담이 필요하시면 LH 마이홈센터(☏1600-1004, 내선번호 2번→3번)로 문의하시면 됩니다.

자세한 내용은 ""서울지역본부 신혼·신생아 매입임대주택Ⅰ 예비입주자 모집공고""를 참고하시기 바랍니다.","2025년 서울특별시 영구임대주택 예비입주자 모집
‘19.9.27일 이후 입주자모집부터 동일유형 예비 입주자 중복선정이 되지 않으며, 장기임대주택(국민임대, 영구
임대, 행복주택) 입주 시 모든 대기자 명부에서 제외 처리되니 신청 시 유의하시기 바랍니다. 세부적인 사항은
아래 공고문을 참조하시기 바랍니다.
모집 신청과 관련하여 매우 중요한 사항이오니 반드시 숙지하시기 바랍니다.
• 예비입주자 모집 공고일은 2025.11.13.(목)입니다. 이는 입주자격(무주택 세대구성원 등) 및
배점 등의 판단 기준일이 되며, 모든 제출서류는 모집공고일(2025.11.13.) 이후 발급분 이어야
합니다.
• 영구임대주택 신청자격은 모집공고일(2025.11.13.) 현재 서울특별시에 거주하는 무주택 세대
구성원으로 영구임대아파트 입주자 자격에 해당되며 소득 및 자산 기준을 충족하는 사람에
한합니다.
• 1세대(무주택세대구성원 전원) 1주택만 신청 가능하며, 중복 신청하는 경우 전부 무효처리
됩니다.(신청을 원하시는 1개단지 1개 평형만 신청 가능합니다.)
• 금회 모집의 예비입주자로 선정될 경우 입주 순번은 기존대기자의 후 순번이 되며, 공가
발생 시 예비입주자 순번에 따라 계약을 체결하므로, 실제 아파트 입주까지는 상당기간이 소요
(1년 이상)될 수 있습니다.
• 신청접수는 인터넷 신청이 불가능하고, 지정된 일자에 현장접수(거주지관할 동 주민센터)만
가능하니 유의하시기 바랍니다.
• LH공사와 서울주택도시개발공사(SH)의 영구임대주택 공고 중 1호에만 신청 가능합니다.
(중복신청불가)
• 현재 임대주택에 거주하고 있는 자는 이 주택에 입주하기 전에 기존 임대주택을 명도 하여야
합니다.
• 예비입주자가 공공임대주택(국민·영구·행복)에 계약 후 입주한 경우에는 다른 공공임대주택 입주
대기자 명부에서 제외처리 되오니 신청 시 유의하시기 바랍니다.
※ 예비입주자 중복선정 불가
동일한 유형(예, 국민⟷국민, 행복⟷행복, 영구⟷영구)의 입주자 모집 신청은 가능하나 신청 후 예비
입주자로 선정(①입주자모집 공고일 기준) 되면 종전 선정된 예비입주자로서의 지위는 자동 탈락
처리됩니다. 단, 입주자모집 공고일이 같을 경우 ②청약 접수일 ③당첨자 발표일이 빠른 단지 기준
으로 탈락 처리됩니다.
- 1 -",0.99999999998,0.9285714285714286,0.8666666666666667,0.48675288793189164,housing_semantic_t85
"안녕하세요, 저는 31살 무주택자로 금천구에 살고 있는 사람인데요. 반지하 주택을 매입하는 프로그램에 대해 궁금한 게 있어요. 언제부터 언제까지 신청할 수 있는지 알 수 있을까요?","['자산 확인 결과 부적격자로 판명될 경우 입주자격에서 탈락될 수 있습니다. 위와 같이 금천구 1인 가구 청년 맞춤형 주택 입주를 신청합니다. 2025년 월 일\n신청인 (인)\n서울특별시 금천구청장 귀하\n본인은 청년주택 입주자격(갱신계약 포함) 심사 및 입주 후 관리를 위해 무주택세대 구성원\n전원의 소득 및 재산 등을 조회할 수 있도록 공공기관에서 보유하고 있는 무주택세대구성원의 정보\n열람 및 제공에 동의합니다. 신청인 (인)\n- 17 -', '24. 오전 12:21 청년전세임대주택 | 청년·신혼부부 지원 | 서울주거포털\n신청방법\n주소지 주민센터 또는 LH한국토지주택공사 청약센터 : 1600-1004\nstep 1. step 2.', '31. 공고\n‘청년안심주택’은 무주택 청년 및 신혼부부의 주거안정을 위하여 민간과 공공이 협력하여 대중교통 중심에 공급하는\n임대주택입니다. 금회 공급하는 청년안심주택은 공공임대주택으로서 민간이 건설하고 서울시와 서울주택도시개발공사가\n매입하여 공급하며 분양전환 되지 않습니다. ■ 2 026년 1차 청년안심주택은 입주자모집공고일(2026.03.31.) 현재 19세 이상 39세 이하 무주택 청년 및 신혼부부\n계층을 대상으로 공급됩니다. ■ 청 년안심주택(공공임대)은 준공 후 서울특별시와 서울주택도시개발공사로 소유권이전 등기되며, 준공 후 임대관리\n(계약, 수납, 재공급, 재계약 등) 업무는 서울주택도시개발공사가 수행합니다. ■ 청 년안심주택은 준공 전 공급되는 주택으로서 입주자모집 공고 후 공급(사업)이 취소될 수 있으며 준공 및 소유권이전\n등기가 지연될 수 있습니다. ■ 청 년안심주택의 소유권이전 등기절차가 진행 중일 경우, 일부 금융기관에서 대출이 불가할 수 있습니다. ※ 세 대별 매입주체(서울시 또는 서울주택도시개발공사)에 따라, 사용승인일로부터 소유권이전 등기완료까지 약 1~4개월\n소요될 수 있으며 사업추진에 따라 변동 가능합니다. ■ 청년안심주택 청약은 컴퓨터와 스마트폰을 활용한 인터넷 접수로만 신청을 받습니다. ■ 공 고일은 청약자격의 판단 기준일이 되며 청약신청은 신청자가 입주자모집 공고문을 숙지하신 후 신청자의 의사에\n따라 신청하는 것이므로 신청자격 미숙지, 착오 등의 사유로 신청하신 내용의 수정이 불가하오니 이로 인하여 불이익을\n받는 일이 없도록 유의하여 주시기 바랍니다.', '1.(월)입니다. ■ (입주자격) 모집공고일 현재 서울시에 거주하는 무주택세대구성원 청년으로서, 전년도 도시근로자\n월평균소득의 70% 이하인 경우에 한해 입주자를 선정합니다. (2025년 통계청 발표자료 기준)\n■ (접수방법) 등기우편 접수 [서울시 금천구 시흥대로73길 70, 금천구청 9층 일자리청년과 청년주택 담당자 앞]\n■ (신청접수) 현재는 G밸리하우스(근로자동·기업인동) 및 소셜믹스하우스 청년주택 입주 신청이 가능하며, 입주\n호실은 추첨 절차를 통해 확정됩니다.(호실 간 상호교환 불가)\n■ (기타 안내사항)\n· 맞춤형 공공임대주택은 공동체주택의 성격을 가지며, 입주민이 자발적으로 공동체를 형성하여 주택의\n유지ˑ관리와 상호 지원을 실천하는 것을 지향합니다. · 공동체주택의 입주자는 책임 의식을 바탕으로 상호 협력해야 할 의무가 있습니다.', '무주택‧소득‧자산 검증기준’에서 확인하실 수 있습니다. □ 신청자격은 입주자 모집공고일부터 계약 시까지 유지해야 하며, 당첨 후 주택소유 등으로 자격\n요건 상실 시 당첨이 취소되거나 계약이 거절될 수 있습니다. □ 본 주택의 입주자격(무주택·소득·자산 등 법령에 따른 자격요건 제외)·예비입주자·상호전환·주거\n이동 등에 관한 내용은 각 운영기관 자체운영규정에 따른 기준으로 적용됩니다.']","안녕하세요! 금천구에 거주하는 31살 무주택자이시군요. 하지만 현재 검색된 정책 문서에는 반지하 주택을 매입하는 프로그램에 대한 정보가 포함되어 있지 않습니다. 대신, 금천구에서 제공하는 청년 맞춤형 공공임대주택에 대한 정보는 있습니다. 이 정책의 신청 기간은 2025년 12월 1일부터 2025년 12월 31일까지입니다. 

자세한 내용은 ""금천구 1인 가구 청년 맞춤형 주택 입주자 모집 공고""를 참고하시기 바랍니다. 추가적인 질문이 있으시면 언제든지 말씀해 주세요!","2026년도 기존주택(반지하) 매입 공고
서울주택도시개발공사는 서울시 내 침수피해를 입은 반지하가구의
소멸과 주거환경 개선을 위해 다음과 같이 임대사업용 반지하 주택을
매입하고자 하오니 매도를 희망하시는 분은 신청하여 주시기 바랍니다.
1. 신청기간 : 2026. 2. 13. ~ 2026. 3. 13.
2. 매입대상 주택
① 건축물대장상 지하·지상층의 용도가 주택으로 등재되고, 독립된 주거 환
경을 갖춘 반지하주택
② 주택유형: 단독주택 중 다가구주택, 공동주택 중 다세대주택·연립주택
1) 주택유형은 ⌜건축법 시행령⌟ [별표1]의 정의에 따르며, 건축물대장에 기재되어있어야함
2) 단독주택은 다가구주택만 매입하며, 단독주택 중 단독주택, 다중주택, 공관은 매입 불가하고,
3) 다가구주택이라도 일부 지분매입 불가 및 현황(신청호수)과 건축물대장상 호수가
상이한 경우 매입 불가(건축물대장 현행화 필요)
4) 공동주택(다세대주택, 연립주택)은 해당 건물 반지하세대 매입을 전제로 반지하 세대를
포함한 전체세대의 1/2이상 신청 시 매입 가능, 세부 예시는 아래 표와 같음
※ 단, 과거 SH공사에서 해당 건물의 일부 세대를 매입한 경우는 자유롭게 신청 가능
＊
전체 세대수의 반지하세대를
반지하세대 포함
1/2 이상이지만, 포함하였지만,
반지하·지상 불문하고 전체세대 전체 세대수의
반지하 세대를 전체 세대수의
전체·일부 자유롭게 신청가능 신청가능 1/2 이상이므로
포함하지 않았 1/2 미만
신청가능
으므로 신청불가 신청불가
＊“매입한 세대” : 계약체결 후 잔금지급까지 완료한 물건
③ 주택면적 : 지상층 각 호가 전용 14㎡이상 85㎡이하인 주택
1) 국토해양부 공고 제2011-490호 최저주거기준 (전용 14㎡/호 이상)
2) 주택법 제2조 6호 국민주택규모 (전용 85㎡/호 이하)
※ 단, 다가구주택은 국민주택규모 초과 가구가 2개 이하인 경우 매입 가능
- 1 -",0.99999999998,0.5,0.3333333333333333,0.0,housing_semantic_t85
"저는 31살 무주택자인데, 서울 금천구에서 내 집 마련을 꿈꾸고 있어요. 영구임대주택이랑 행복주택 중에 어떤 게 더 나은 선택일까요?","['1.(월)입니다. ■ (입주자격) 모집공고일 현재 서울시에 거주하는 무주택세대구성원 청년으로서, 전년도 도시근로자\n월평균소득의 70% 이하인 경우에 한해 입주자를 선정합니다. (2025년 통계청 발표자료 기준)\n■ (접수방법) 등기우편 접수 [서울시 금천구 시흥대로73길 70, 금천구청 9층 일자리청년과 청년주택 담당자 앞]\n■ (신청접수) 현재는 G밸리하우스(근로자동·기업인동) 및 소셜믹스하우스 청년주택 입주 신청이 가능하며, 입주\n호실은 추첨 절차를 통해 확정됩니다.(호실 간 상호교환 불가)\n■ (기타 안내사항)\n· 맞춤형 공공임대주택은 공동체주택의 성격을 가지며, 입주민이 자발적으로 공동체를 형성하여 주택의\n유지ˑ관리와 상호 지원을 실천하는 것을 지향합니다. · 공동체주택의 입주자는 책임 의식을 바탕으로 상호 협력해야 할 의무가 있습니다.', '31. 공고\n‘청년안심주택’은 무주택 청년 및 신혼부부의 주거안정을 위하여 민간과 공공이 협력하여 대중교통 중심에 공급하는\n임대주택입니다. 금회 공급하는 청년안심주택은 공공임대주택으로서 민간이 건설하고 서울시와 서울주택도시개발공사가\n매입하여 공급하며 분양전환 되지 않습니다. ■ 2 026년 1차 청년안심주택은 입주자모집공고일(2026.03.31.) 현재 19세 이상 39세 이하 무주택 청년 및 신혼부부\n계층을 대상으로 공급됩니다. ■ 청 년안심주택(공공임대)은 준공 후 서울특별시와 서울주택도시개발공사로 소유권이전 등기되며, 준공 후 임대관리\n(계약, 수납, 재공급, 재계약 등) 업무는 서울주택도시개발공사가 수행합니다. ■ 청 년안심주택은 준공 전 공급되는 주택으로서 입주자모집 공고 후 공급(사업)이 취소될 수 있으며 준공 및 소유권이전\n등기가 지연될 수 있습니다. ■ 청 년안심주택의 소유권이전 등기절차가 진행 중일 경우, 일부 금융기관에서 대출이 불가할 수 있습니다. ※ 세 대별 매입주체(서울시 또는 서울주택도시개발공사)에 따라, 사용승인일로부터 소유권이전 등기완료까지 약 1~4개월\n소요될 수 있으며 사업추진에 따라 변동 가능합니다. ■ 청년안심주택 청약은 컴퓨터와 스마트폰을 활용한 인터넷 접수로만 신청을 받습니다. ■ 공 고일은 청약자격의 판단 기준일이 되며 청약신청은 신청자가 입주자모집 공고문을 숙지하신 후 신청자의 의사에\n따라 신청하는 것이므로 신청자격 미숙지, 착오 등의 사유로 신청하신 내용의 수정이 불가하오니 이로 인하여 불이익을\n받는 일이 없도록 유의하여 주시기 바랍니다.', '서울시 무주택시민의 안정적인 주거생활에 도움이 될 수 있도록, 전월세 세입자가 입주를 원하는 주택의\n보증금 30%, 최대 6천만원을 서울시가 무이자로 최장 10년까지 지원하는 서울시 공공임대 주택입니다. (단, 보증금이 1억 5천만원 이하인 경우 50%이하, 최대 4천5백만원 한도)\n▶ 사업지역 및 공급 호수\n○ 사업지역 : 서울특별시\n○ 입주대상자 모집호수 : 총 6,000호\n② 특별공급 신혼부부\n공급유형 계 ① 일반공급 ③ 특별공급 세대통합\n(미리내집 연계형)\n6,000호 5,350호 500호 150호\n※ 특별공급 신혼부부(미리내집 연계형)이란? 장기안심주택 특별공급 신혼부부(미리내집 연계형) 당첨자가\n자녀 출산시, 장기안심주택 10년 거주 후 장기전세Ⅱ로 이주할 수 있도록 지원 (p.9 참고)\n3', '자산 확인 결과 부적격자로 판명될 경우 입주자격에서 탈락될 수 있습니다. 위와 같이 금천구 1인 가구 청년 맞춤형 주택 입주를 신청합니다. 2025년 월 일\n신청인 (인)\n서울특별시 금천구청장 귀하\n본인은 청년주택 입주자격(갱신계약 포함) 심사 및 입주 후 관리를 위해 무주택세대 구성원\n전원의 소득 및 재산 등을 조회할 수 있도록 공공기관에서 보유하고 있는 무주택세대구성원의 정보\n열람 및 제공에 동의합니다. 신청인 (인)\n- 17 -', '4. 신청자격\n입주자모집공고일(2026.04.10.) 현재 주택건설지역(서울특별시, 인천광역시 및 경기도지역)에 거주하는 무주택세대구\n성원으로서 아래의 기준을 충족하는 사람\n(단, 모집공고일로부터 입주 시까지 무주택세대구성원을 유지해야 하며, 무주택세대구성원을 유지하지 않을 경우 당첨\n취소 및 계약거절 등의 불이익을 받을 수 있으니 이점 유의하시기 바라며, 신청자의 세대구성원 중에 과거에 공공임\n대주택 임차인으로서 불법양도·전대 행위로 적발된 후 4년이 경과되지 않은 자가 있는 경우 신청자는 공공임대주택\n입주자로 선정 불가합니다.)\n■ 성년자\n「민법」상 미성년자(만 19세 미만)는 공급 신청할 수 없습니다. 단, 아래의 어느 하나에 해당하는 경우 미성년자도\n공급 신청 가능합니다. - 자녀가 있는 세대주인 미성년자(단, 동일한 세대별 주민등록표에 자녀가 등재되어야 함)\n- 직계존속의 사망, 실종, 행방불명 등으로 형제자매를 부양하여야 하는 미성년 세대주 (단, 행방불명의 경우 신고\n접수증으로 증빙해야하며, 부양해야하는 형제자매는 동일한 세대별 주민등록표상에 등재되어있어야 함)\n- 외국인 부모와 미성년 자녀(내국인) 세대주로 구성된 한부모가족인 경우(단, 이 경우 외국인 부모가 대리하여 신청)\n■ 무주택세대구성원(세대에 속하는 사람 전체가 무주택인 세대의 구성원)\n- 3 -']","서울 금천구에서 무주택자인 31세 청년이 선택할 수 있는 주거 정책으로는 청년 맞춤형 공공임대주택과 청년안심주택이 있습니다. 영구임대주택과 행복주택은 각각의 특성이 있으므로, 본인의 상황에 맞춰 선택하는 것이 중요합니다.

1. **청년 맞춤형 공공임대주택**: 
   - **입주자격**: 서울시에 거주하는 무주택세대구성원으로, 전년도 도시근로자 월평균소득의 70% 이하인 경우에 해당합니다.
   - **임대조건**: 최초 2년, 최대 10년까지 거주할 수 있으며, 월세 지원이 가능합니다.
   - **공동체주택**의 성격을 가지며, 입주민이 자발적으로 공동체를 형성하여 주택의 유지·관리를 함께 합니다.
   - **모집공고**: 2025년 12월 1일부터 12월 31일까지 신청 가능합니다. (출처: 금천구 1인 가구 청년 맞춤형 주택 입주자 모집 공고)

2. **청년안심주택**:
   - **입주자격**: 19세 이상 39세 이하의 무주택 청년 및 신혼부부가 대상입니다.
   - **임대조건**: 공공임대주택으로, 민간이 건설하고 서울시와 서울주택도시개발공사가 매입하여 공급합니다. 분양전환되지 않으며, 최대 거주기간 및 갱신계약이 가능합니다.
   - **신청기간**: 2026년 4월 10일부터 4월 14일까지 신청 가능합니다. (출처: 2026년 1차 서울시 청년안심주택(공공임대) 입주자 모집공고)

결론적으로, 두 가지 옵션 모두 무주택 청년에게 적합한 선택이 될 수 있습니다. 본인의 소득 수준, 거주 기간, 공동체 생활에 대한 선호 등을 고려하여 결정하시기 바랍니다.","www.i-sh.co.kr
공고일
2025.11.13.
(목요일)
2025년 서울주택도시개발공사
영구임대주택 예비입주자
모집공고
공급일정
신청기간 신청장소 예비입주자선정 발표 동호추첨
2025. 11. 24.(월)
2026. 3. 19.(목)
~ 거주지 동 주민센터 개별통보
16시
2025. 11. 28.(금)",0.0,0.0,0.7,0.0,housing_semantic_t85
"안녕하세요! 저는 26살 사회초년생인데, 월급이 230만원밖에 안 되서 행복주택 신청하고 싶은데, 자격조건이 어떤 건가요?","['취업준비생, 사회초년생만 신청 가능합니다. □ 입주기준 : 아래 ① 또는 ②에 해당하는 자\n① 전년도 도시근로자 가구당 월평균소득 50%이하이면서 총 자산가액 2억4천5백만원 이하, 자동차 가액\n4,542만원 이하인 자\n② 월평균소득 70%이하인 자(LH, SH공사 임대주택 입주자격 기준 준용)\n□ 자격요건 검증을 위한 소득 등의 정보는 보건복지부 사회보장정보시스템을 통하여 제공받으며,\n이는 국가 또는 공공기관이 보유한 공적 자료입니다. • 입주자격 중 주택, 소득, 자동차, 금융자산 외 일반자산, 금융부채 외 부채의 산정시점은 입주자모집공고일이며 금융자산, 금융\n부채의 산정시점은 조사기준일로 합니다. 다만, 사업주체가 입주대상자 확정을 목적으로 사회보장정보시스템을 통해 확인한\n입주자격은 해당 산정시점에 산정된 것으로 간주합니다. • 해당 시스템을 통해 조회되지 않아 소명이 필요한 경우 관련 증빙자료를 제출받아 소명 처리합니다. • 입주자격 조사결과 부적격사유에 대한 소명의무는 신청자에게 있으며, 심사 과정 중 별도로 안내되는 소명기간 내 소명자료\n미제출 시 자격결격으로 탈락 처리 됩니다. • 조회된 공적자료에 대하여 이의가 있는 경우 원칙적으로 공적자료 원천기관의 자료를 수정한 후 동 기관의 확인서를 제출하는\n경우에만 접수 및 처리합니다. • 무주택, 소득, 자산, 자동차 가액 산정 기준 관련 상세 내용은 공고문 ‘Ⅷ.', '31. 출생자 지원 가능)\n- 직장 재직여부 무관(순위 별 소득요건은 충족하여야 함)\n기 타 - 대학생 및 취업준비생도 청년 지원 가능\n※ 청년자격을 갖추었더라도 자녀가 있고, 자녀와 함께 거주하고자 하는 경우 신혼유형으로 신청하여야 함. 22 2026년 1차 서울시 청년안심주택(공공임대) 입주자 모집공고', '2 신청자격 및 선정기준\n※ 『기존주택 등 매입임대주택 업무처리지침』을 따름\n기 본 요 건\n※ 모집 공고일(2025.12.1.월) 기준 아래 기본요건을 모두 충족하는 자를 대상으로 심사 진행\n기본요건(공통)\n❍ (거주) 서울특별시에 주민등록 등재된 자\n❍ (연령) 만 19세 이상 39세 이하(1986. 12. 2. ~ 2006. 12.', '2025년 3차 행복주택 입주자 모집공고 45\n* 계층별 동의서 제출 대상자\n분류 개인정보수집이용 및 제3자 제공 동의서 금융정보 등 제공 동의서\n대학생 무주택세대구성원 전원, 신청자 부모 신청자 본인, 부모\n청년 – 세대주인 경우 무주택세대구성원 전원\n청년 – 세대원인 경우 신청자 본인\n신혼부부 - 신혼부부 무주택세대구성원 전원\n신혼부부 - 예비신혼부부 혼인으로 구성될 세대구성원 전원\n고령자 무주택세대구성원 전원\n주거급여수급자 무주택세대구성원 전원 X\n계층별 제출 서류\n▶ 대학생\n대상 용도 제출 서류 발급처\n재학생 재학증명서\n입학예정자 입학증명서 또는 등록금납부확인서\n해당 학교\n전원 가. 대학생 휴학증명서 및 각서(공사 양식)\n자격 확인 복학예정자 SH공사\n제출 * 단, 복학 후 1개월 이내에 재학증명서 제출 필요\n양식\n졸업유예자 졸업유예증명서\n나.', '2025년 3차 행복주택 입주자 모집공고\n<서울리츠 행복주택 포함>\n서류심사 대상자 발표 최종 당첨자 발표\n2026. 1.']","안녕하세요! 26살 사회초년생이시군요. 행복주택 신청을 원하신다면, 다음과 같은 자격조건을 충족해야 합니다.

1. **연령**: 만 19세 이상 39세 이하입니다.
2. **거주 요건**: 서울특별시에 주민등록이 되어 있어야 합니다.
3. **소득 요건**: 전년도 도시근로자 월평균소득 70% 이하이어야 합니다. 2023년 기준으로 월평균소득 70%는 약 266만 원입니다. 따라서, 월급이 230만 원이라면 이 조건을 충족합니다.
4. **무주택 요건**: 무주택 세대구성원이어야 합니다.

자세한 내용은 '2025년 3차 행복주택 입주자 모집공고'를 참고하시면 됩니다. 신청하시기 전에 필요한 서류와 절차를 잘 확인하시기 바랍니다.","청렴 청신호, 부패 적신호
주택관리번호 : 2025-000648
www.i-sh.co.kr
2025년 3차
행복주택
입주자모집
(서울리츠 행복주택 포함)
2025. 12. 31.(수)
입주자 모집 절차 및 일정
서류심사
입주자 서류심사
신청접수 대상자 서류제출 당첨자발표 계약체결
모집공고 대상자발표
(우편접수)
‘26. 1. 16.(금)
인
~
▶ 터 ‘26. 1. 20.(화) ▶ ▶ ‘26. 2. 4.(수) ▶ ▶ ‘26. 6. 10.(수)
넷
‘25. 12. 31.(수) ※ 주말 신청 불가 ‘26. 1. 30.(금) ~ ‘26. 5. 29.(금) ~
‘26. 2. 6.(금) ‘26. 6. 16.(화)
방 ‘26. 1. 19.(월)
~
문 ‘26. 1. 20.(화)",0.9999999999,0.75,0.6363636363636364,0.46891383450416607,housing_semantic_t85
"안녕하세요! 저 32살 신혼부부인데요, 서울에서 집값이 너무 비쌉니다. 혹시 신혼·신생아 매입임대주택에서 임대보증금은 얼마 정도로 설정되어 있는지 알 수 있을까요?","['24. 오전 12:21 청년전세임대주택 | 청년·신혼부부 지원 | 서울주거포털\n보증부월세 전세임대주택의 경우 매월 지급하는 월세는 입주대상자가 직접 임대인에게 지급하여야 하며, 1년치 월세에 해당하는 금액을 계약시 기본보증금\n계약 만료시 반환함)하여야 함\n※ 단, 수도권(60만원), 광역시(45만원), 기타지역(40만원) 한도의 보증부월세는 입주대상자가 원할 경우 3개월분 월세에 해당하는 금액만 입주자가 부담하고 9개월치 월세는\n대체가능함\n일반형 쉐어형\n단독거주 2인 거주 3인 거주\n60㎡이하 70㎡ 이하 85㎡ 이하\n기본임대조건 및 지원금리\n월임대료 (지원금 기준)\n구분 보증금\n4천만원 이하 4천만원 초과~6천만원이하 6천\n1·2순위 100만원 연 1.0% 연 1.5% 연\n3순위 200만원 연 2.0% 연 2.5% 연\n※ 임대기간 최초 계약 2년, 자격요건 충족시 2회 재계약 가능(졸업시 재계약불가)\n전년도 도시근로자 가구당 월평균소득 (2025년 적용기준)\n가구원수 가구원수별 가구당 월평균소득의 50% 가구원수별 가구당 월평균소득의 70% 가구원수별 가구당 월평\n1인가구 1,799,082원 2,518,715원 3,598,7\n2인가구 2,738,502원 3,833,902원 5,477,0\n3인가구 3,813,487원 5,338,881원 7,626,9\n4인가구 4,289,044원 6,004,662원 8,578,0\n5인가구 4,515,524원 6,321,734원 9,031,0\n6인가구 4,866,543원 6,813,160원 9,733,0\n7인가구 5,217,562원 7,304,587원 10,435,1\n신청순위\n1순위(생계·의료 수급가구, 보호대상 한부모가족, 아동복지시설 퇴소자, 가구당 월평균소득 70%이하 장애인)\n2순위(가구당 월평균소득 50% 이하, 가구당 월평균소득 100% 이하 장애인)\n3순위(가구당 월평균소득 100% 이하, 가구당 월평균소득 150% 이하 장애인)\n* 다만, 월평균소득 이하 가구는 영구임대주택 입주자 보유 자산 기준을 초과하는 경우 입주대상에서 제외\n(총자산 19,600만원 자동차 2,499만원)\nhttps://housing.seoul.go.kr/site/main/content/sh01_060506 2/3', '(최장 20년 거주가능)\n재계약\n• 재계약 시 관계법령이 정한 범위 내에서 임대보증금 및 월임대료가 인상될 수 있습니다. 자격 등\n• 입주 후 소득수준 향상으로 입주 당시 소득요건을 초과한 경우 ｢기존주택등 매입임대주\n택 업무처리지침｣ 별표5에 따라 임대보증금 및 임대료가 할증됩니다. • 신혼·신생아Ⅰ의 경우 입주 후 입주자의 소득 또는 자산이 ｢기존주택등 매입임대주택 업무\n처리지침｣ 제19조 제2항에 따른 기준을 초과한 경우 1회에 한하여 재계약할 수 있으며,\n이 경우 임대보증금 및 임대료는 80% 할증됩니다. • 동(棟) 단위로 매입한 주택 내에는 입주민과 지역주민을 위한 지역편의시설 등이 설치될\n수 있으며 이 경우 해당 주택의 입주자로 선정된 청약 신청인은 입주 후 지역편의시설\n등이 원활히 운영될 수 있도록 이에 필요한 협조를 하여야 합니다.', '서울지역본부 신혼·신생아 매입임대주택Ⅰ 예비입주자 모집공고\n□ 신혼·신생아 매입임대주택Ⅰ은 도심 내 신혼부부 등이 원하는 생활권에서 안정적으로 거주할 수 있도록\nLH에서 주택을 매입하여 시중시세의 30~40% 수준으로 임대하는 주택입니다. □ LH에서는 마이홈센터(☏1600-1004, 내선번호 2번→3번)를 통해 모집공고에 대한 안내가 이루어질 수\n있도록 상담을 실시하고 있습니다.', '2. 자산별 보유에 따른 추가 제출 서류\n가. 임차보증금 : 해당 주택, 상가 등의 임대차계약서 사본(확정일자 표시 필수)\n※ 신청 당시 거주지의 임대차계약서를 반드시 제출하여야 함\n※ 부모 또는 지인 소유 주택에 거주하거나 임차인 명의가 본인이 아닌 경우에도 임대차계약서,\n소유자가 확인되는 건물등기부등본 등을 반드시 제출하여야 함\n나. 분양권 : 해당 주택의 분양계약서 사본 및 제출일 현재까지 분양대금 납부확인원\n다. 임대보증금 : 해당 주택, 상가 등의 임대차계약서 사본(확정일자 표시 필수)\n신청인 : (인)\n년 월 일\n서울특별시 금천구청장 귀하\n※ 공공주택 특별법 제57조의4(벌칙)\n거짓이나 그 밖의 부정한 방법으로 임대주택을 임대받거나 임대받게 한 자는 2년 이하의 징역이나\n2천만원 이하의 벌금에 처한다. ※ 주택법 제106조(과태료)\n입주자자격, 재당첨 제한 및 공급 순위 등 위반하여 주택을 공급받은 자에게는 500만원 이하의\n과태료를 부과한다.', '- 등기부등본상 압류⋅가압류⋅가등기⋅신탁등기⋅임차권등기 및 소유권행사에 제한이 되는 가처분⋅\n예고등기 등이 있는 경우(권리관계 말소 후 신청 가능)\n- 토지 소유자와 건물 소유자가 다른 주택(단, 각각의 소유자 모두와 전세계약 체결하는 경우 또는\n토지지분 일부를 소유하고 있는 건물 소유주와 전세계약 체결하는 경우는 가능)\n- 서울보증보험(주)의 전세임대주택신용보험 가입 불가한 주택(10번 유의사항 참고)\n- 기타 우리 공사가 재난·재해 등의 우려로 방침으로 정하여 공급을 제한하는 주택(소급적용 가능)\n9. 임대조건 및 임대기간\n■ 기본임대조건(입주자부담)\n- 임대보증금 : 100만원\n- 월 임대료 : 전세보증금에서 임대보증금을 뺀 나머지 금액에 대한 연 1.2~2.2% 이자\n■ 지원보증금 규모별 금리\n지원보증금 규모 4천만원 이하 4천만원 초과~6천만원 이하 6천만원 초과\n금리(연이율) 1.2% 1.7% 2.2%\n※ 우대금리 적용\n① 청년 1순위 : 0.5%p (단, 다른 우대금리와 중복적용 불가)\n② 1자녀 0.2%p, 2자녀 0.3%p, 3자녀 이상 0.5%p (단, 최저금리는 1.2%)\n(지원대상주택에 미성년 자녀 전입여부 확인 후 우대금리 적용 가능, 태아는 증빙서류로 전입을 갈음함)\n- 월 임대료 및 우대금리 등은 주택도시기금 운용계획 융자조건에 따라 변경 가능\n■ 임대조건 산정 예시\n1순위 청년이 전세보증금 12,000만원의 주택을 임차한 경우(수도권)\n※ (본인부담금) 100만원\n(월 임대료) [(전세보증금-임대보증금) × 1.7%(연) ÷ 12개월]\n= [(12,000만원 - 100만원) × 1.7% ÷ 12] = 168,580원\n1순위 청년이 전세보증금 6,000만원, 월세 25만원의 보증부월세로 임차한 경우\n※ 임차료지급보증을 선택한 경우\n(본인부담금) 175만원(기본 100만원 + 3개월 치 월세 해당액 75만원)\n(월 임대료) [(전세보증금-임대보증금) × 1.2%(연) ÷ 12개월]\n= [(6,000만원 - 175만원) × 1.2% ÷ 12] = 58,250원\n* 단, 입주자가 기본 임대보증금 외에 추가로 부담하는 전세보증금이 있는 경우에는 추가로 부담하는\n전세보증금 중 3개월 치 월세 부족분만 추가 부담\n※ 임차료지급보증을 선택하지 않은 경우\n(본인부담금) 400만원(기본 100만원 + 12개월 치 월세 해당액 300만원)\n(월 임대료) [(전세보증금-임대보증금) × 1.2%(연) ÷ 12개월]\n= [(6,000만원 - 400만원) × 1.2% ÷ 12] = 56,000원\n* 단, 입주자가 기본 임대보증금 외에 추가로 부담하는 전세보증금이 있는 경우에는 추가로 부담하는\n전세보증금 중 12개월 치 월세 부족분만 추가 부담\n- 6 -']","안녕하세요! 신혼·신생아 매입임대주택의 경우, 임대보증금은 설정되어 있지 않습니다. 이 주택은 LH에서 매입하여 시중 시세의 30~40% 수준으로 임대하는 방식입니다. 따라서 구체적인 임대보증금은 주택의 위치와 조건에 따라 달라질 수 있습니다. 더 자세한 정보는 서울지역본부 신혼·신생아 매입임대주택Ⅰ 예비입주자 모집공고를 참고하시기 바랍니다. (출처: 서울지역본부 신혼·신생아 매입임대주택Ⅰ 예비입주자 모집공고)","서울지역본부 신혼·신생아 매입임대주택Ⅰ 예비입주자 모집공고
□ 신혼·신생아 매입임대주택Ⅰ은 도심 내 신혼부부 등이 원하는 생활권에서 안정적으로 거주할 수 있도록
LH에서 주택을 매입하여 시중시세의 30~40% 수준으로 임대하는 주택입니다.
□ LH에서는 마이홈센터(☏1600-1004, 내선번호 2번→3번)를 통해 모집공고에 대한 안내가 이루어질 수
있도록 상담을 실시하고 있습니다. (다만, 상담내용은 신청 참고자료로만 활용하여 주시고, 반드시 공고문을
통해 세부 내용을 숙지하신 후 신청하여 주시기 바랍니다.) 아울러, 신청자격 미숙지, 착오신청 등에
대해서 신청자 본인에게 책임이 있으니 유의하여 주시기 바랍니다.
• (기준일) 모집공고일은 2026.03.31.(화)이며, 이는 입주자격(신청자격, 나이, 세대구성원, 주택소유,
자산, 소득 등) 판단 기준일이 됩니다.
• (모집호수) 총 119호
• (주택관리번호) 2026-980069
• (모집일정) * 일정은 진행상황에 따라 변동될 수 있습니다.
서류심사 계약체결
모집 신청 서류제출 예비입주자
대상자 자격검증 (순번 입주
공고 (PC,모바일) (온라인) 순번 발표
발표 도래시)
⇨ ⇨ ⇨ ⇨ ⇨ ⇨ ⇨
4.15(수) 4.28(화) 5.1(금)
계약일부터
3.31(화) ~ 4.23(목) ~ ~ 7.7(화) 별도 안내
60일 이내
4.17(금) 4.30(목) 7.6(월)
※ 사회보장정보시스템(복지부 산하기관)을 활용한 소득 및 자산 조회 일정 등에 따라 상기 일정은
변경될 수 있습니다.
• (중복신청 불가) 1세대(세대구성원 전원) 1주택 신청하여야 하며, 중복 신청하는 경우 전부 무효처리합니다.
(부부가 동시에 신청할 경우, 중복신청으로 무효처리(예비신혼부부 동일))
- 신혼·신생아 매입임대주택Ⅰ 기계약자 또는 거주중인 자의 동일 지자체(시·군·구) 신청은 불가합니다.
- “신혼·신생아Ⅰ 공고”와 “신혼·신생아Ⅱ(전세형) 공고”를 중복 신청하는 경우 신혼·신생아Ⅱ(전세형) 신청만
인정되고 신혼·신생아Ⅰ 신청은 자동 탈락 처리됩니다.
• (모집단위) 신청은 시·군·구 내 주택군을 모집단위로 하고, 여러 개의 모집단위가 있는 경우 그중
한 개의 모집단위를 선택하여 신청합니다.
• (모집인원) 예비입주자 모집인원은 공급대상 주택의 3배수입니다.
* 지역, 주택군에 따라 다를 수 있습니다.
• (공급방법) 모집단위별 예비입주자 순번(주택을 지정할 수 있는 순번) 발표 후 해당 모집단위 내 공급
가능한 주택을 개방하고 순번에 따라 희망하는 주택을 지정하여 계약체결하는 방식으로 공급합니다.
• (예비입주자 자격) 예비입주자 자격은 모집단위별 예비입주자 순번 발표일로부터 60일간 유지되며,
60일이 경과한 다음 날 예비입주자 지위가 소멸됩니다.
• (입주지정기간) 계약체결 후 60일 이내에 입주를 완료하여야 합니다. 단, 일부 주택(100세대 이상
공동주택)의 경우 입주지정기간이 계약체결일로부터 1개월 후로 부여될 수 있습니다.
• (신청유의) 신청 내용이 사실과 다를 경우 부적격 처리, 당첨 취소 등 불이익이 있을 수 있으며 이로
인한 책임은 신청자 본인에게 있음을 유의하시어, 공고문을 숙지하신 후 정확하게 신청하여 주시기 바랍니다.
- 1 -",0.99999999998,1.0,0.5,0.0,housing_semantic_t85
"안녕하세요! 27살 취준생인데, 보증금도 없고 월세도 빠듯한 상황이에요. 청년 매입임대주택 신청하려고 하는데, 신청 방법은 어떻게 되나요?","['24. 오전 12:21 청년전세임대주택 | 청년·신혼부부 지원 | 서울주거포털\n신청방법\n주소지 주민센터 또는 LH한국토지주택공사 청약센터 : 1600-1004\nstep 1. step 2.', '금액이 없습니다.(해당 관할 센터에서 신청 가능)\n◽ 현재 공공임대주택에 거주하고 계신 경우 기존의 임대주택을 명도하여야 당첨된 주택에 입주하실 수\n있으며, 동 주택은 타인에게 전대 및 전매할 수 없습니다. ※ 세대를 분리(배우자 및 본인)하여 2개 이상의 임대주택에 입주 불가\n◽ 제출한 서류가 위조 또는 사실과 다르거나 서류의 결격 등인 경우 당첨이 취소됩니다. ◽ 계약금을 기납부한 경우, 직접 관할 센터에 계약금 환불 요청을 하셔야 환불이 가능하며 인감증명서,\n인감도장, 통장사본이 필요합니다.', '서울지역본부 청년매입임대주택 예비입주자 모집공고\n□ 청년 매입임대주택은 LH에서 주택을 매입하여 청년(19세~39세), 대학생 및 취업준비생을 대상으\n로 시중시세 40~50% 수준으로 임대하는 주택입니다. □ LH에서는 마이홈센터(☏1600-1004, 내선번호 2번→3번)를 통해 모집공고에 대한 안내가 이루어질 수\n있도록 상담을 실시하고 있습니다.', '24. 오전 12:21 청년전세임대주택 | 청년·신혼부부 지원 | 서울주거포털\n대학생, 취업준비생의 전세임대를 돕기 위해\n신청자 중 입주대상자로 선정된 자(대학생,취업준비생)가 거주할 지역을 물색하면 LH가 주택소유자와 전세계약을 체결한 후\n재임대하는 정책입니다. LH공사 공고문 바로가기 > 자세히 보기 >\n입주대상\n대학생\n신청일 현재 대학에 재학 또는 입학예정인 타 시ㆍ군 출신 대학생\n취업 준비생\n신청일 현재 대학 또는 「초·중등교육법」에 따른 고등·고등기술학교를 졸업하거나 중퇴한 후 2년 이내인 사람으로서 직장에 재직 중이지 않은 자\n대학 졸업예정자 또는 졸업유예자로서 직장에 재직 중이지 않은 자\n임대조건\n전세금 지원한도액\n일반형 (1·2순위 대학생 및 취업준비생)\n수도권(서울, 경기, 인천) 광역시(세종시 포함) 기타 도(道)지역\n120백만원/호 95백만원/호 85백만원/호\n쉐어형 (1·2·3순위 대학생)\n구분 수도권(서울, 경기, 인천) 광역시(세종시 포함) 기타 도(道\n2인거주 150백만원/호 120백만원/호 100백만\n3인거주 200백만원/호 150백만원/호 120백만\n※ 지역별 지원한도액을 초과하는 주택은 초과하는 전세금액을 입주대상자가 부담할 경우 지원가능하며, 전세금 총액은 호당 지원한도액의 150%이내로 제한함\n지원가능주택\n오피스텔의 경우 바닥난방이 되며, 별도로 취사ㆍ세면시설 및 화장실을 갖추어 주거용 (사실상 사용)으로 이용가능 하여야 함\n대학생 대학소재지역[특별시, 광역시, 세종시, 도(道) 지역] 및 연접 시·군에 소재한 일정 면적 이하 주택으로 ‘전세’ 또는 ‘보증부월세\n신청지역[특별시, 광역시, 세종시, 도(道) 지역] 내 주택으로 ‘전세’ 또는 ‘보증부월세’로 계약 가능한 주택\n취업준비생\n단, 부모님 또는 배우자(기혼자에 해당)의 주소지 시·군 제외\nhttps://housing.seoul.go.kr/site/main/content/sh01_060506 1/3', '1.(월)입니다. ■ (입주자격) 모집공고일 현재 서울시에 거주하는 무주택세대구성원 청년으로서, 전년도 도시근로자\n월평균소득의 70% 이하인 경우에 한해 입주자를 선정합니다. (2025년 통계청 발표자료 기준)\n■ (접수방법) 등기우편 접수 [서울시 금천구 시흥대로73길 70, 금천구청 9층 일자리청년과 청년주택 담당자 앞]\n■ (신청접수) 현재는 G밸리하우스(근로자동·기업인동) 및 소셜믹스하우스 청년주택 입주 신청이 가능하며, 입주\n호실은 추첨 절차를 통해 확정됩니다.(호실 간 상호교환 불가)\n■ (기타 안내사항)\n· 맞춤형 공공임대주택은 공동체주택의 성격을 가지며, 입주민이 자발적으로 공동체를 형성하여 주택의\n유지ˑ관리와 상호 지원을 실천하는 것을 지향합니다. · 공동체주택의 입주자는 책임 의식을 바탕으로 상호 협력해야 할 의무가 있습니다.']","안녕하세요! 청년 매입임대주택에 신청하시려면 LH에서 주택을 매입하여 청년(19세~39세), 대학생 및 취업준비생을 대상으로 시중 시세의 40~50% 수준으로 임대하는 주택입니다. 신청 방법은 LH 마이홈센터(☏1600-1004, 내선번호 2번→3번)를 통해 모집공고에 대한 안내를 받을 수 있습니다. 

자세한 내용은 '서울지역본부 청년매입임대주택 예비입주자 모집공고'를 참고하시기 바랍니다.","서울지역본부 청년매입임대주택 예비입주자 모집공고
□ 청년 매입임대주택은 LH에서 주택을 매입하여 청년(19세~39세), 대학생 및 취업준비생을 대상으
로 시중시세 40~50% 수준으로 임대하는 주택입니다.
□ LH에서는 마이홈센터(☏1600-1004, 내선번호 2번→3번)를 통해 모집공고에 대한 안내가 이루어질 수
있도록 상담을 실시하고 있습니다. (다만, 상담내용은 신청 참고자료로만 활용하여 주시고, 반드시 공고
문을 통해 세부 내용을 숙지하신 후 신청하여 주시기 바랍니다.). 아울러, 신청자격 미숙지, 착오신청
등에 대해서 신청자 본인에게 책임이 있으니 유의하여 주시기 바랍니다.
• (기준일) 모집공고일은 2026.03.31.(화)이며, 이는 입주자격 판단 기준일이 됩니다.
• (모집호수) 총 373호, (주택관리번호) 2026-980071
• (모집일정) * 일정은 진행상황에 따라 변동될 수 있습니다.
모집 신청 서류심사 서류제출 예비입주자 계약체결
자격검증 입주
공고 (PC,모바일) 대상자발표 (온라인) 순번 발표 (순번도래시)
⇨ 4.15(수) ⇨ ⇨ 4.28(화) ⇨ 5.1(금) ⇨ ⇨ ⇨
계약일부터
3.31(화) ~ 4.23(목) ~ ~ 7.7(화) 별도 안내
60일 이내
4.17(금) 4.30(목) 7.6(월)
※ 사회보장정보시스템(복지부 산하기관)을 활용한 소득 및 자산 조회 일정 등에 따라 상기 일정은 변경될 수 있습니다.
• (중복신청 불가) 1인 1주택 신청하여야 하며, 중복 신청하는 경우 전부 무효처리됩니다.
- 청년 매입임대주택 기계약자는 동일한 지자체(시·군·구) 모집에 중복신청 불가합니다.
• (가전제품 등 비치) 청년 매입임대주택은 냉장고, 세탁기, 에어컨 등이 비치되어 있거나 비치될 예정
입니다. (비치된 가전 및 가구의 처분은 불가하며 분실·멸실·파손 시 LH에 통보하고 원상복구 또는
원상복구비용을 부담하여야 하며, 주택여건에 따라 비치되는 품목이 변경될 수 있습니다.)
• (모집단위) 신청은 시·군·구 내 주택군을 모집단위로 하고, 여러 개의 모집단위가 있는 경우 그중
한 개의 모집단위를 선택하여 신청합니다.
• (성별분리) ‘공급주택목록’의 ‘성별용도 구분’에 유의하여 신청하시기 바랍니다.
* 남성전용 주택에 여성 신청 시 부적격, 여성전용 주택에 남성 신청 시 부적격
• (모집인원) 예비입주자 모집인원은 공급대상 주택의 2.5~3배수를 모집합니다.
* 지역, 주택군에 따라 다를 수 있습니다.
• (입주자격유형 선택) 19~39세에 해당하는 경우 반드시 청년 유형으로 신청하시기 바랍니다.
• (공급방법) 모집단위별 예비입주자 순번(주택을 지정할 수 있는 순번) 발표 후 해당 모집단위 내 공급
가능한 주택을 개방하고 순번에 따라 희망하는 주택을 지정하여 계약 체결하는 방식으로 공급합니다.
• (예비입주자 자격) 예비입주자 자격은 모집단위별 예비입주자 순번 발표일로부터 60일간 유지되며,
60일이 경과한 다음 날 예비입주자 지위가 소멸됩니다.
• (입주지정기간) 계약체결 후 60일 이내에 입주를 완료하여야 합니다. 단, 일부 주택(100세대 이상
공동주택)의 경우 입주지정기간이 계약체결일로부터 1개월 후로 부여될 수 있습니다.
• (신청유의) 신청 내용이 사실과 다를 경우 부적격 처리, 당첨 취소 등 불이익이 있을 수 있으며,
이로 인한 책임은 신청자 본인에게 있음을 유의하시어 공고문을 반드시 숙지하신 후 정확하게
신청하여 주시기 바랍니다.
※ 부모 무주택 배점 신청자(1~3순위) 및 2순위 신청자는 동일 세대에 거주하지 않더라도 반드시 세
대원에 부모를 추가하여 주시기 바랍니다.
- 1 -",0.99999999998,0.7777777777777778,1.0,0.659850001812376,housing_semantic_t85
"저는 31살이고 금천구에 살고 있는 무주택자예요. 이번에 청년 맞춤형 공공임대주택에 신청하고 싶은데, 입주자 모집이 언제부터 시작되는지 궁금해요.","['1.(월)입니다. ■ (입주자격) 모집공고일 현재 서울시에 거주하는 무주택세대구성원 청년으로서, 전년도 도시근로자\n월평균소득의 70% 이하인 경우에 한해 입주자를 선정합니다. (2025년 통계청 발표자료 기준)\n■ (접수방법) 등기우편 접수 [서울시 금천구 시흥대로73길 70, 금천구청 9층 일자리청년과 청년주택 담당자 앞]\n■ (신청접수) 현재는 G밸리하우스(근로자동·기업인동) 및 소셜믹스하우스 청년주택 입주 신청이 가능하며, 입주\n호실은 추첨 절차를 통해 확정됩니다.(호실 간 상호교환 불가)\n■ (기타 안내사항)\n· 맞춤형 공공임대주택은 공동체주택의 성격을 가지며, 입주민이 자발적으로 공동체를 형성하여 주택의\n유지ˑ관리와 상호 지원을 실천하는 것을 지향합니다. · 공동체주택의 입주자는 책임 의식을 바탕으로 상호 협력해야 할 의무가 있습니다.', '5 신청자격 및 입주자 선정 방법\n■ 신청자격(공통사항)\n○ 입 주자모집공고일(2026.03.31.) 현재 19세 이상 39세 이하로서 무주택요건을 충족하고 계층별 소득, 총자산 요건을\n충족하는 사람. ○ 외 국인, 재외국민은 신청할 수 없습니다. ○ 1 세대 1주택(실)만 신청가능하며, 중복 신청할 경우 전부 무효처리 됩니다. - 예 비신혼부부(본인 및 예비배우자)는 1세대로 간주하여 같은 계층 및 다른 계층으로 중복 신청할 경우 전부 무효\n처리됩니다. ○ 입 주자 선정에 필요한 자격 해당여부는 신청자를 기준으로 합니다.', '서울특별시 금천구 공고 제2025 – 2051호\n금천구 1인 가구 청년 맞춤형 주택\n입주자 모집 공고\n금천구는 무주택 청년의 주거불안 해소를 위해 서울주택도시개발공사와 협력하여\n주거·자립 기반이 취약한 청년이 현 생활권에서 안정적으로 거주할 수 있도록\n시세보다 저렴하게 제공하는 청년 맞춤형 공공임대주택 내 공실세대 총 7세대\n(G밸리하우스 3세대, 소셜믹스형 청년주택 4세대)에 대한 입주자를 아래와 같이\n모집합니다. 신청을 희망하시는 청년은 신청서 제출 전에 신청자격, 공급일정, 구비서류 등의\n공고내용을 반드시 숙지하시어 신청과정에서 불이익이 발생하지 않도록 유의\n하시기 바라며, 제출하신 신청 서류의 반환 및 수정은 불가하므로 작성 시 주의하시기\n바랍니다. 2025년 12월 1일\n서울특별시 금천구청장\n■ (기 준 일) 입주자격 판단 기준일은 모집공고일인 2025. 12.', '3. 신 청 자 격\n입주자 모집공고일(2025.11.13.) 현재 서울특별시에 거주하는 성년자인 무주택세대구성원으로,\n영구임대주택 입주자 자격에 해당되며 아래의 소득 및 자산보유 기준을 충족하는 사람\n[다만 불법양도・전대자 재입주 금지 규정(공공주택 특별법 제49조의8)에 따라 신청자의 세대구성원 중에 과거에 공공\n임대주택 임차인으로서 불법양도・전대 행위로 적발된 후 4년이 경과되지 않은 자가 있는 경우 신청자는 공공임대주택\n입주자로 선정 불가]\n■ 일반공급 * 공공주택특별법시행규칙 별표3 제1호 일반공급 1순위\n구분 입주자격\n가. ｢국민기초생활 보장법」 제7조제1항제1호에 따른 생계급여 수급자 또는 같은 항 제3호에\n따른 의료급여 수급자(이하 이 별표에서 수급자라 한다)\n나.', '자산 확인 결과 부적격자로 판명될 경우 입주자격에서 탈락될 수 있습니다. 위와 같이 금천구 1인 가구 청년 맞춤형 주택 입주를 신청합니다. 2025년 월 일\n신청인 (인)\n서울특별시 금천구청장 귀하\n본인은 청년주택 입주자격(갱신계약 포함) 심사 및 입주 후 관리를 위해 무주택세대 구성원\n전원의 소득 및 재산 등을 조회할 수 있도록 공공기관에서 보유하고 있는 무주택세대구성원의 정보\n열람 및 제공에 동의합니다. 신청인 (인)\n- 17 -']",금천구의 청년 맞춤형 공공임대주택 입주자 모집은 2025년 12월 1일부터 2025년 12월 31일까지 진행됩니다. 신청을 원하신다면 이 기간 내에 신청하셔야 합니다. (출처: 금천구 1인 가구 청년 맞춤형 주택 입주자 모집 공고),"서울특별시 금천구 공고 제2025 – 2051호
금천구 1인 가구 청년 맞춤형 주택
입주자 모집 공고
금천구는 무주택 청년의 주거불안 해소를 위해 서울주택도시개발공사와 협력하여
주거·자립 기반이 취약한 청년이 현 생활권에서 안정적으로 거주할 수 있도록
시세보다 저렴하게 제공하는 청년 맞춤형 공공임대주택 내 공실세대 총 7세대
(G밸리하우스 3세대, 소셜믹스형 청년주택 4세대)에 대한 입주자를 아래와 같이
모집합니다.
신청을 희망하시는 청년은 신청서 제출 전에 신청자격, 공급일정, 구비서류 등의
공고내용을 반드시 숙지하시어 신청과정에서 불이익이 발생하지 않도록 유의
하시기 바라며, 제출하신 신청 서류의 반환 및 수정은 불가하므로 작성 시 주의하시기
바랍니다.
2025년 12월 1일
서울특별시 금천구청장
■ (기 준 일) 입주자격 판단 기준일은 모집공고일인 2025. 12. 1.(월)입니다.
■ (입주자격) 모집공고일 현재 서울시에 거주하는 무주택세대구성원 청년으로서, 전년도 도시근로자
월평균소득의 70% 이하인 경우에 한해 입주자를 선정합니다. (2025년 통계청 발표자료 기준)
■ (접수방법) 등기우편 접수 [서울시 금천구 시흥대로73길 70, 금천구청 9층 일자리청년과 청년주택 담당자 앞]
■ (신청접수) 현재는 G밸리하우스(근로자동·기업인동) 및 소셜믹스하우스 청년주택 입주 신청이 가능하며, 입주
호실은 추첨 절차를 통해 확정됩니다.(호실 간 상호교환 불가)
■ (기타 안내사항)
· 맞춤형 공공임대주택은 공동체주택의 성격을 가지며, 입주민이 자발적으로 공동체를 형성하여 주택의
유지ˑ관리와 상호 지원을 실천하는 것을 지향합니다.
· 공동체주택의 입주자는 책임 의식을 바탕으로 상호 협력해야 할 의무가 있습니다.
· 공동체주택 내 주민공동시설은 모든 입주민이 함께 사용하는 공유공간입니다.
- 1 -",0.99999999998,0.9,0.3333333333333333,0.46596607566596776,housing_semantic_t85
"안녕하세요, 저는 27살 취준생이고 보증금도 없고 월세도 빠듯한 상황인데요. 청년 전세임대 같은 정책이랑 다른 지원제도들 중에서 어떤 게 더 괜찮을까요?","['2026년 청년 전세임대 1순위 입주자 수시모집\n청년(19~39세·대학생·취업준비생) 전세임대란? • 청년의 주거안정을 위하여 전세임대사업의 입주대상자로 선정된 자가 지원한도액 범위 내에서\n전세주택을 결정하면 한국토지주택공사가 해당주택 소유자와 전세계약을 체결하고 이를 입주\n대상자에게 재임대하는 제도입니다. • 본 입주자모집은 순위별, 지역별 중복 신청 불가(전부 무효 처리)하며, 신청 내용 수정은 신청일\n24:00(마감일의 경우 18:00)까지 가능하고, 이후 변경내용에 대해서는 관할 지역본부로 별도\n문의 바랍니다. • 청년 전세임대(대학생, 취업준비생, 19~39세)의 최대 거주기간은 세부 유형에 관계없이 총 10년\n입니다(대학생, 취업준비생, 19~39세 유형으로 기 지원받은 경우, 지원받은 기간만큼 재계약\n횟수 및 기간을 차감하며, 총 10년을 지원받은 경우 재지원 불가). ※ (자립준비청년) 현재 신청 접수 중이오니, 해당 페이지를 참고하시기 바랍니다. - 경로 : LH청약플러스 > 임대주택 > 청약신청하기 > 유스타트(자립 및 가정 밖 청소년)\n※ (청년 주거급여 분리지급) 2021년부터 주거급여 수급가구 내 취학 · 구직 등의 사유로 부모와\n주거지를 달리하는 19세 이상 30세 미만의 미혼청년에게 주거급여를 별도로 지급합니다. 해당\n대상자는 주거급여 수급가구 내 가구주(부모)가 거주하는 지역 행정복지센터에서 신청하셔서\n주거급여를 지원받으시기 바랍니다.', '24. 오전 12:21 청년전세임대주택 | 청년·신혼부부 지원 | 서울주거포털\n대학생, 취업준비생의 전세임대를 돕기 위해\n신청자 중 입주대상자로 선정된 자(대학생,취업준비생)가 거주할 지역을 물색하면 LH가 주택소유자와 전세계약을 체결한 후\n재임대하는 정책입니다. LH공사 공고문 바로가기 > 자세히 보기 >\n입주대상\n대학생\n신청일 현재 대학에 재학 또는 입학예정인 타 시ㆍ군 출신 대학생\n취업 준비생\n신청일 현재 대학 또는 「초·중등교육법」에 따른 고등·고등기술학교를 졸업하거나 중퇴한 후 2년 이내인 사람으로서 직장에 재직 중이지 않은 자\n대학 졸업예정자 또는 졸업유예자로서 직장에 재직 중이지 않은 자\n임대조건\n전세금 지원한도액\n일반형 (1·2순위 대학생 및 취업준비생)\n수도권(서울, 경기, 인천) 광역시(세종시 포함) 기타 도(道)지역\n120백만원/호 95백만원/호 85백만원/호\n쉐어형 (1·2·3순위 대학생)\n구분 수도권(서울, 경기, 인천) 광역시(세종시 포함) 기타 도(道\n2인거주 150백만원/호 120백만원/호 100백만\n3인거주 200백만원/호 150백만원/호 120백만\n※ 지역별 지원한도액을 초과하는 주택은 초과하는 전세금액을 입주대상자가 부담할 경우 지원가능하며, 전세금 총액은 호당 지원한도액의 150%이내로 제한함\n지원가능주택\n오피스텔의 경우 바닥난방이 되며, 별도로 취사ㆍ세면시설 및 화장실을 갖추어 주거용 (사실상 사용)으로 이용가능 하여야 함\n대학생 대학소재지역[특별시, 광역시, 세종시, 도(道) 지역] 및 연접 시·군에 소재한 일정 면적 이하 주택으로 ‘전세’ 또는 ‘보증부월세\n신청지역[특별시, 광역시, 세종시, 도(道) 지역] 내 주택으로 ‘전세’ 또는 ‘보증부월세’로 계약 가능한 주택\n취업준비생\n단, 부모님 또는 배우자(기혼자에 해당)의 주소지 시·군 제외\nhttps://housing.seoul.go.kr/site/main/content/sh01_060506 1/3', '4. 신청자격 및 순위\n대상 자격요건\n• 신청일 현재 본인이 무주택자이면서 혼인 중이 아닌 대학생1), 취업준비생2), 19~39세3) 로\n신청자격\n아래 1순위 유형 중 어느 하나에 해당하는 자\n순위 유형 세부 자격요건\n수급자 • 「국민기초생활보장법」 제7조제1항제1~3호 생계 · 주거 · 의료급여 수급 가구의 청년\n• 「한부모가족지원법시행규칙」 제3조의 규정에 따라 성평등가족부장관이 정하여 고시\n1순위 한부모가족\n하는 한부모가족 가구의 청년\n차상위계층 • 「국민기초생활보장법」 제2조제10호에 따른 차상위계층 가구의 청년\n1) 대학생 : 2026년도 입 · 복학 예정이거나 재학 중인 19세 미만 대학생 · 39세 초과 대학생\n* 단, 대학생은 본인의 대학 소재 지역 [특별시, 광역시, 도 지역] 및 연접 시 · 군으로만 신청 가능하며,\n대학교 인정 기준은 아래 표 참고\n2) 취업준비생 : 대학 또는 「초·중등교육법」 제2조제3항에 따른 고등·고등기술학교를 졸업하거나 중퇴한 후\n2년 이내인 사람(졸업유예자 포함)으로서 직장에 재직 중이지 않은 19세 미만 또는 39세 초과 청년\n3) 19~39세 : 19세 이상 39세 이하 청년\n(대학생 유형) 대학교 인정 기준\n1. 「고등교육법」 제2조에 해당하는 학교(대학, 산업대학, 교육대학, 전문대학, 기술대학)\n2.', '• 취업준비생 유형 관련 세부 기준\n□\x00「고등교육법」\x00제2조에\x00따른\x00학교(대학,\x00산업대학,\x00교육대학,\x00전문대학,\x00방송대학,\x00통신대학,\x00\n인정\n방송통신대학,\x00사이버대학,\x00기술대학\x00등)\n대학교\n\x00※\x00단,\x00사내대학,\x00학점은행제대학,\x00대학원,\x00대학원대학,\x00해외대학은\x00제외\n□\x00「초·중등교육법」\x00제2조\x00제3호에\x00따른\x00고등학교·고등기술학교\n□\x00「초·중등교육법」\x00제51조의\x00방송통신고등학교\n인정\n□\x00「초·중등교육법」\x00제55조의\x00특수학교\n고등·\n□\x00「초·중등교육법」\x00제60조의3의\x00대안학교\n고등기술학교\n□\x00「초·중등교육법」\x00제2조\x00제3호에\x00따른\x00고등·고등기술학교\x00동등\x00학력\x00인정자(검정고시\x00등)\n\x00※\x00중학교·해외고등학교는\x00제외\n직장 □\x00 직장\x00 재직\x00 여부는\x00 건강보험\x00 자격득실확인서\x00 상\x00 가입유형을\x00 기준으로\x00 판단(수급자\x00 등의\x00\n재직 이유로\x00건강보험\x00자격득실확인서\x00발급이\x00어려운\x00경우에는\x004대사회보험\x00가입내역을\x00확인\n여부 하여\x00판단)하며\x00가입유형이\x00‘직장가입자’가\x00아닐\x00것\n□\x00본\x00공고의\x00경우\x002023.\x0012.\x0027.\x00이후\x00졸업(수료)\x00및\x00중퇴자\x00지원\x00가능\n□\x00자격요건\x00충족\x00시\x00대학원\x00재학\x00여부\x00무관\n□\x00졸업예정증명서로\x00취업준비생\x00증빙\x00불가(모든\x00학기를\x00이수한\x00졸업유예자만\x00취업준비생으로\x00\n기타\n신청\x00가능하므로\x00반드시\x00수료증명서\x00제출)\n□\x00졸업(수료)\x00및\x00중퇴한\x00학교가\x00위\x00요건에\x00해당하는지\x00여부에\x00대해\x00증빙을\x00요구하는\x00경우\x00\n신청자가\x00직접\x00제출하여야\x00함\n• 청년 유형 관련 세부 기준\n□\x00공고일\x00현재\x00주민등록등본\x00상\x00만\x0019세\x00이상\x00만\x0039세\x00이하\n나이\n\x00\x00\x00(본\x00공고의\x00경우\x001985.\x0012.\x0027.\x00~\x002006.\x0012.\x0026.\x00출생자\x00지원\x00가능)\n□\x00직장\x00재직여부\x00무관(순위\x00별\x00소득요건은\x00충족하여야\x00함)\n기타\n□\x00대학생\x00및\x00취업준비생도\x00청년\x00유형\x00선택하여\x00지원\x00가능\n- 19 -', '2025년 3차 행복주택 입주자 모집공고 33\n※ ‘무주택자’란 주택을 소유하고 있지 않은 자를 말합니다. (세대 내 다른 구성원이 주택을 소유해도 신청 가능)\n※ ‘소득’은 「소득세법」제19조제1항에 따른 사업소득 및 같은 법 제20조제1항에 따른 근로소득을 말하며\n국민연금가입증명서상 납부대상 및 건강보험자격득실확인서 등을 통해 소득이 있는 업무 종사 여부를 판단합니다. ※‘소득근거지’는 사업자등록증(또는 법인등기부등본 등)으로 확인합니다. 단, 실제 근무지가 사업자등록증의 소재지와\n다른 경우 신청인이 해당 증빙서류(재직증명서, 근로계약서 등)를 추가 제출할 경우 인정받을 수 있습니다. ※ ➀-㉯의 ‘소득이 있는 업무에 종사한 기간’은 국민연금가입증명서(전체이력으로 발급) 및 건강보험공단\n자격득실확인서(건강보험가입일부터 현재까지 전체내역으로 발급) 등을 통해 소득이 있었던 기간을 합산합니다. 단,\n대학 및 고등학교 재학(휴학포함) 중 소득이 있는 업무에 종사한 기간과 병역의무 이행을 위하여 연구기관, 기간산업체,\n방위산업체, 농업회사법인, 농업기계의 사후관리업체 등에 근무한 기간은 제외됩니다. (대학 및 고등학교의 범위는\n대학생 계층과 동일)\n※ ➀-㉯의 ‘소득이 있는 업무에 종사한 기간’이 총 5년(1,825일)이내인자만 신청가능하며, 공고일 기준으로 현재\n종사중인 업무에 종사한 기간뿐만 아니라 재취업을 하였을 경우 그 전의 소득이 있는 업무에 종사한 기간을 모두\n합산하여 1,825일 이내여야 신청 가능합니다. ※ 소득이 없는 청년 계층 신청자는 할인된 임대조건(동일단지의 동일면적 대학생 계층 기준)이 적용됩니다. ※ ➀-㉯ 2)의 ‘퇴직’은 국민연금가입증명서, 건강보험자격득실확인서 등을 통해 판단합니다. ※ ➀-㉯ 3)의 ‘예술인’이란 「예술인 복지법」제2조제2호에 따라 한국예술인복지재단에서 예술활동증명을 받은 자를\n말합니다. ※ 청년 계층의 해당 세대는 신청자가 세대주인 경우 ① 신청자 본인 ② 신청자의 직계존속으로 신청자와 동일한 세대별\n주민등록표 상에 등재된 자 ③ 신청자의 직계비속 및 신청자 직계비속의 배우자로 신청자와 동일한 세대별 주민등록표\n상에 등재된 자를 말합니다.']","안녕하세요! 27세 취업준비생이시군요. 현재 상황에 맞는 청년 주거 정책을 안내해드리겠습니다.

1. **청년 전세임대주택**: 이 정책은 대학생과 취업준비생을 위한 전세임대주택 지원으로, 신청자가 거주할 지역을 물색하면 한국토지주택공사(LH)가 주택소유자와 전세계약을 체결한 후 재임대하는 방식입니다. 지원한도액은 수도권에서 120백만원, 광역시에서 95백만원, 기타 도 지역에서 85백만원입니다. 월세 지원도 가능하며, 최초 계약은 2년이며 자격 요건을 충족할 경우 2회 재계약이 가능합니다. 이 정책은 무주택자이면서 혼인 중이 아닌 대학생 또는 취업준비생이 신청할 수 있습니다. (출처: 청년전세임대주택)

2. **2026년 청년 전세임대 1순위 입주자 수시모집**: 이 정책은 19세에서 39세의 청년을 대상으로 하며, 최대 거주기간은 10년입니다. 신청은 인터넷을 통해 가능하며, 무주택자이면서 혼인 중이 아닌 대학생 또는 취업준비생이 신청할 수 있습니다. (출처: 2026년 청년 전세임대 1순위 입주자 수시모집)

현재 보증금이 없고 월세가 빠듯한 상황이라면, 청년 전세임대주택 정책이 더 적합할 수 있습니다. 이 정책은 전세금 지원을 통해 안정적인 주거 환경을 제공하므로, 장기적으로 주거비 부담을 줄일 수 있습니다. 

신청 자격과 조건을 잘 확인하시고, 필요한 서류를 준비하여 신청하시기 바랍니다. 추가적인 질문이 있으시면 언제든지 문의해주세요!","2026년 청년 전세임대 1순위 입주자 수시모집
청년(19~39세·대학생·취업준비생) 전세임대란?
• 청년의 주거안정을 위하여 전세임대사업의 입주대상자로 선정된 자가 지원한도액 범위 내에서
전세주택을 결정하면 한국토지주택공사가 해당주택 소유자와 전세계약을 체결하고 이를 입주
대상자에게 재임대하는 제도입니다.
• 본 입주자모집은 순위별, 지역별 중복 신청 불가(전부 무효 처리)하며, 신청 내용 수정은 신청일
24:00(마감일의 경우 18:00)까지 가능하고, 이후 변경내용에 대해서는 관할 지역본부로 별도
문의 바랍니다.
• 청년 전세임대(대학생, 취업준비생, 19~39세)의 최대 거주기간은 세부 유형에 관계없이 총 10년
입니다(대학생, 취업준비생, 19~39세 유형으로 기 지원받은 경우, 지원받은 기간만큼 재계약
횟수 및 기간을 차감하며, 총 10년을 지원받은 경우 재지원 불가).
※ (자립준비청년) 현재 신청 접수 중이오니, 해당 페이지를 참고하시기 바랍니다.
- 경로 : LH청약플러스 > 임대주택 > 청약신청하기 > 유스타트(자립 및 가정 밖 청소년)
※ (청년 주거급여 분리지급) 2021년부터 주거급여 수급가구 내 취학 · 구직 등의 사유로 부모와
주거지를 달리하는 19세 이상 30세 미만의 미혼청년에게 주거급여를 별도로 지급합니다. 해당
대상자는 주거급여 수급가구 내 가구주(부모)가 거주하는 지역 행정복지센터에서 신청하셔서
주거급여를 지원받으시기 바랍니다. 자세한 사항은 주거급여플러스(www.jgplus.go.kr) 홈페이지를
참고하시기 바랍니다.
1. 공급호수 : 7,000호
* 1순위 수요에 따라 목표 물량 조기 소진의 경우 1순위 추가 공급 가능
2. 사업대상지역 : 전국
3. 신청방법
청년 전세임대 청약은 인터넷(https://apply.lh.or.kr)으로만 신청 가능합니다.
LH청약플러스(https://apply.lh.or.kr) → 청약신청(매입임대/전세임대) → 전세임대
<유의사항>
• 인터넷 청약시스템은 인증서(공동인증서, 금융인증서 또는 네이버 인증서 등)를 소지한 경우에
한하여 신청 가능하며, LH청약플러스에서 제공하는 “청약신청 연습하기”를 통하여 사전에 미리
청약 절차를 연습하여 청약하시기 바랍니다.
- 1 -",0.99999999998,1.0,0.5384615384615384,0.43529264449853117,housing_semantic_t85
"안녕하세요, 27살이고 현재 취업 준비 중인 청년입니다. 서울에서 보증금도 없고 월세도 빠듯한데, 공공임대 중 청년주택에 신청할 수 있는 자격조건이 어떻게 되는지 궁금해요.","['31. 출생자 지원 가능)\n- 직장 재직여부 무관(순위 별 소득요건은 충족하여야 함)\n기 타 - 대학생 및 취업준비생도 청년 지원 가능\n※ 청년자격을 갖추었더라도 자녀가 있고, 자녀와 함께 거주하고자 하는 경우 신혼유형으로 신청하여야 함. 22 2026년 1차 서울시 청년안심주택(공공임대) 입주자 모집공고', '1.(월)입니다. ■ (입주자격) 모집공고일 현재 서울시에 거주하는 무주택세대구성원 청년으로서, 전년도 도시근로자\n월평균소득의 70% 이하인 경우에 한해 입주자를 선정합니다. (2025년 통계청 발표자료 기준)\n■ (접수방법) 등기우편 접수 [서울시 금천구 시흥대로73길 70, 금천구청 9층 일자리청년과 청년주택 담당자 앞]\n■ (신청접수) 현재는 G밸리하우스(근로자동·기업인동) 및 소셜믹스하우스 청년주택 입주 신청이 가능하며, 입주\n호실은 추첨 절차를 통해 확정됩니다.(호실 간 상호교환 불가)\n■ (기타 안내사항)\n· 맞춤형 공공임대주택은 공동체주택의 성격을 가지며, 입주민이 자발적으로 공동체를 형성하여 주택의\n유지ˑ관리와 상호 지원을 실천하는 것을 지향합니다. · 공동체주택의 입주자는 책임 의식을 바탕으로 상호 협력해야 할 의무가 있습니다.', '24. 오전 12:21 청년전세임대주택 | 청년·신혼부부 지원 | 서울주거포털\n신청방법\n주소지 주민센터 또는 LH한국토지주택공사 청약센터 : 1600-1004\nstep 1. step 2.', '24. 오전 12:21 청년전세임대주택 | 청년·신혼부부 지원 | 서울주거포털\n대학생, 취업준비생의 전세임대를 돕기 위해\n신청자 중 입주대상자로 선정된 자(대학생,취업준비생)가 거주할 지역을 물색하면 LH가 주택소유자와 전세계약을 체결한 후\n재임대하는 정책입니다. LH공사 공고문 바로가기 > 자세히 보기 >\n입주대상\n대학생\n신청일 현재 대학에 재학 또는 입학예정인 타 시ㆍ군 출신 대학생\n취업 준비생\n신청일 현재 대학 또는 「초·중등교육법」에 따른 고등·고등기술학교를 졸업하거나 중퇴한 후 2년 이내인 사람으로서 직장에 재직 중이지 않은 자\n대학 졸업예정자 또는 졸업유예자로서 직장에 재직 중이지 않은 자\n임대조건\n전세금 지원한도액\n일반형 (1·2순위 대학생 및 취업준비생)\n수도권(서울, 경기, 인천) 광역시(세종시 포함) 기타 도(道)지역\n120백만원/호 95백만원/호 85백만원/호\n쉐어형 (1·2·3순위 대학생)\n구분 수도권(서울, 경기, 인천) 광역시(세종시 포함) 기타 도(道\n2인거주 150백만원/호 120백만원/호 100백만\n3인거주 200백만원/호 150백만원/호 120백만\n※ 지역별 지원한도액을 초과하는 주택은 초과하는 전세금액을 입주대상자가 부담할 경우 지원가능하며, 전세금 총액은 호당 지원한도액의 150%이내로 제한함\n지원가능주택\n오피스텔의 경우 바닥난방이 되며, 별도로 취사ㆍ세면시설 및 화장실을 갖추어 주거용 (사실상 사용)으로 이용가능 하여야 함\n대학생 대학소재지역[특별시, 광역시, 세종시, 도(道) 지역] 및 연접 시·군에 소재한 일정 면적 이하 주택으로 ‘전세’ 또는 ‘보증부월세\n신청지역[특별시, 광역시, 세종시, 도(道) 지역] 내 주택으로 ‘전세’ 또는 ‘보증부월세’로 계약 가능한 주택\n취업준비생\n단, 부모님 또는 배우자(기혼자에 해당)의 주소지 시·군 제외\nhttps://housing.seoul.go.kr/site/main/content/sh01_060506 1/3', '2 신청자격 및 선정기준\n※ 『기존주택 등 매입임대주택 업무처리지침』을 따름\n기 본 요 건\n※ 모집 공고일(2025.12.1.월) 기준 아래 기본요건을 모두 충족하는 자를 대상으로 심사 진행\n기본요건(공통)\n❍ (거주) 서울특별시에 주민등록 등재된 자\n❍ (연령) 만 19세 이상 39세 이하(1986. 12. 2. ~ 2006. 12.']","안녕하세요! 27세이시고 취업 준비 중이시군요. 서울에서 청년주택에 신청할 수 있는 자격조건은 다음과 같습니다.

1. **연령**: 만 19세 이상 39세 이하
2. **거주 요건**: 서울특별시에 주민등록이 되어 있어야 합니다.
3. **소득 요건**: 전년도 도시근로자 월평균소득 70% 이하인 경우에 해당해야 합니다.
4. **주택 요건**: 무주택 세대구성원이어야 하며, 현재 주택이 없어야 합니다.

이 조건을 충족하신다면 청년 맞춤형 공공임대주택에 신청하실 수 있습니다. 자세한 내용은 '금천구 1인 가구 청년 맞춤형 주택 입주자 모집 공고'를 참고하시면 좋습니다.","서울특별시 서대문구 공고 제2026 - 139호
맞춤형 공공임대주택「청년주택」,「신혼부부주택」
입주자 추가모집 공고
우리 구는 주거공동체 형성을 통하여 더불어 살아갈 공동체주택「청년주택」,
「신혼부부주택」의 입주대상자를 아래와 같이 추가로 모집합니다.
2026년 1월 26일
서울특별시 서대문구청장
(기준일) 모집공고일은 2026.1.26.(월)이며, 이는 입주자격 판단 기준일이 됩니다.
(입주자격) 모집공고일 현재 서울시 거주 무주택세대구성원만 신청가능하며, 통계청이 발표하는 전년도
도시근로자 가구원수별 월평균소득(2025년 통계청 발표) 70%이하 세대 중 입주자를 선정합니다.
(접수방법) 인터넷 이메일 접수 또는 우편접수(서대문구청 제4별관 5층 주거복지팀)
(신청접수) 신청 후 약 3~4개월 후 신청인 가구의 소득재산을 확인하여 대상자로 적합할 경우 입주
대상자로 결정되며, 평가기준에 따른 우선순위에 따라 호실을 선택합니다.
(1세대 1주택) 주택은 1세대 1주택만 지정하여 신청하여야 하며, 중복 신청한 경우 전부 무효처리합니다.
(예비자 선정) 공급호수의 200% 내에서 예비입주자를 선정하여 미계약, 계약취소, 미입주 등으로
공가 발생 시 예비순위에 따라 공급을 진행합니다.
(신청유의) 신청내용이 사실과 다를 경우 부적격 처리, 당첨 취소 등 불이익이 있을 수 있으니, 공고
내용을 반드시 정확히 숙지하여 신청 과정에서 불이익(기한 내 서류미제출 등)이 발생하지 않도록
유의하시기 바랍니다. 반드시 기간 내에 신청접수 및 서류제출을 완료하여야 하며 신청 후에는 수
정이 불가능합니다. 신청 당시 입력한 전화번호 및 주소로 안내문을 전송하므로 반드시 수신 가능
한 연락처를 입력하기 바라며, 연락처 오기나 변경 등의 사유로 안내를 받지 못한 경우 그 책임은
신청자 본인에게 있습니다.
- 1 -",0.99999999998,0.75,0.75,0.5505836509425394,housing_semantic_t85
"안녕하세요, 저는 32살 신혼부부인데요. 집값이 너무 비싸서 청년안심주택 같은 공공임대 주택을 알아보고 있어요. 이거 신청하면 보증금이나 월세가 얼마 정도 되는지 알고 싶어요.","['24. 오전 12:21 청년전세임대주택 | 청년·신혼부부 지원 | 서울주거포털\n신청방법\n주소지 주민센터 또는 LH한국토지주택공사 청약센터 : 1600-1004\nstep 1. step 2.', '당첨자 발표 및 계약절차 18\n7. 계약관련 유의사항 20\n장기안심주택 한눈에 알아보기 신혼부부 특별공급(미리내집 연계형)이란? ● 보증금의 30% 무이자 지원(최대 6천만원 한도) - 2025년 총 700호 공급 (금회 500호 공급)\n- 주택도시기금 버팀목대출 결합 가능(조건 충족 시) - 신혼부부 맞벌이 소득기준 완화\n- 권리분석심사 및 공사 지원금에 대한 보증보험 가입 - 자녀 출산 및 장기안심주택 10년 거주시\n- 당첨 후 1년 내 계약 가능 장기전세Ⅱ 아파트 이주신청자격 부여\n- 자녀출산 시 재계약 소득 · 자산심사 생략', '31. 공고\n‘청년안심주택’은 무주택 청년 및 신혼부부의 주거안정을 위하여 민간과 공공이 협력하여 대중교통 중심에 공급하는\n임대주택입니다. 금회 공급하는 청년안심주택은 공공임대주택으로서 민간이 건설하고 서울시와 서울주택도시개발공사가\n매입하여 공급하며 분양전환 되지 않습니다. ■ 2 026년 1차 청년안심주택은 입주자모집공고일(2026.03.31.) 현재 19세 이상 39세 이하 무주택 청년 및 신혼부부\n계층을 대상으로 공급됩니다. ■ 청 년안심주택(공공임대)은 준공 후 서울특별시와 서울주택도시개발공사로 소유권이전 등기되며, 준공 후 임대관리\n(계약, 수납, 재공급, 재계약 등) 업무는 서울주택도시개발공사가 수행합니다. ■ 청 년안심주택은 준공 전 공급되는 주택으로서 입주자모집 공고 후 공급(사업)이 취소될 수 있으며 준공 및 소유권이전\n등기가 지연될 수 있습니다. ■ 청 년안심주택의 소유권이전 등기절차가 진행 중일 경우, 일부 금융기관에서 대출이 불가할 수 있습니다. ※ 세 대별 매입주체(서울시 또는 서울주택도시개발공사)에 따라, 사용승인일로부터 소유권이전 등기완료까지 약 1~4개월\n소요될 수 있으며 사업추진에 따라 변동 가능합니다. ■ 청년안심주택 청약은 컴퓨터와 스마트폰을 활용한 인터넷 접수로만 신청을 받습니다. ■ 공 고일은 청약자격의 판단 기준일이 되며 청약신청은 신청자가 입주자모집 공고문을 숙지하신 후 신청자의 의사에\n따라 신청하는 것이므로 신청자격 미숙지, 착오 등의 사유로 신청하신 내용의 수정이 불가하오니 이로 인하여 불이익을\n받는 일이 없도록 유의하여 주시기 바랍니다.', '금액이 없습니다.(해당 관할 센터에서 신청 가능)\n◽ 현재 공공임대주택에 거주하고 계신 경우 기존의 임대주택을 명도하여야 당첨된 주택에 입주하실 수\n있으며, 동 주택은 타인에게 전대 및 전매할 수 없습니다. ※ 세대를 분리(배우자 및 본인)하여 2개 이상의 임대주택에 입주 불가\n◽ 제출한 서류가 위조 또는 사실과 다르거나 서류의 결격 등인 경우 당첨이 취소됩니다. ◽ 계약금을 기납부한 경우, 직접 관할 센터에 계약금 환불 요청을 하셔야 환불이 가능하며 인감증명서,\n인감도장, 통장사본이 필요합니다.', '○ 연 령(나이)은 모집공고일을 기준으로 합니다. ○ ‘ 주택공급에 관한 규칙’ 개정에 따라 주택 소유여부 확인 및 판정기준이 일부 변동되었으니 유의하시기 바라며, 세부사항은\n본 공고문 마지막 페이지를 참고하시기 바랍니다. ○ 신 청자격은 입주자모집 공고일부터 입주 시까지 계속 유지하고 있어야 하며, 당첨 후 주택소유(분양권 등 포함)등으로\n자격요건이 상실되어 당첨이 취소되거나 계약이 거절될 수 있습니다. ○ 입주자격 조사결과에 따른 부적격사유에 대한 소명의무는 전적으로 신청자 본인에게 있습니다. ○ 신청자 본인 또는 배우자가 공공임대주택의 기 당첨자인 경우 해당주택을 명도(퇴거)하는 조건으로 입주 가능합니다. ■ 신청유형\n○ 아 래의 신청 유형 중 모집공고일 현재 신청자 본인에 해당하는 유형 한 가지를 선택하여 신청해야 합니다. ○ 순 위별 소득 및 자산기준 등을 충족하더라도, 신청유형 관련 세부기준을 충족하지 못하면 서류심사 시 입주자격\n부적격으로 판정되므로 세부기준을 반드시 확인 후 신청유형을 선택하시기 바랍니다. □ 19세 이상 39세 이하 미혼 청년\n청년 - 직장 재직여부 무관\n- 대학생 및 취업준비생도 청년 지원가능\n□ 신혼부부 : 공고일 현재 혼인 7년 이내(2019. 04.']","안녕하세요! 32살 신혼부부이시군요. 청년안심주택에 대해 안내해 드리겠습니다.

청년안심주택은 무주택 청년 및 신혼부부를 대상으로 한 공공임대주택으로, 보증금이나 월세에 대한 구체적인 금액은 명시되어 있지 않습니다. 하지만, 청년안심주택은 민간이 건설하고 서울시와 서울주택도시개발공사가 매입하여 공급하는 형태로, 임대료는 대중교통 중심에 공급되는 점을 고려하여 상대적으로 저렴하게 설정됩니다.

신청 자격은 19세 이상 39세 이하의 무주택 청년 및 신혼부부로, 입주 즉시 전입신고가 필요합니다. 자세한 사항은 서울주거포털에서 확인하실 수 있습니다.

더 궁금한 점이 있으시면 언제든지 문의해 주세요! (출처: 2026년 1차 서울시 청년안심주택(공공임대) 입주자 모집공고)","www.i-sh.co.kr
2026년 1차 서울시 청년안심주택(공공임대)
입주자 모집공고
2026. 3. 31.",0.0,0.75,0.6,0.0,housing_semantic_t85
"안녕하세요, 저는 31살이고 무주택자로 서울 금천구에 살고 있어요. 50년공공임대주택 신청하고 싶은데, 신청 방법이 어떻게 되는지 궁금해요.","['1.(월)입니다. ■ (입주자격) 모집공고일 현재 서울시에 거주하는 무주택세대구성원 청년으로서, 전년도 도시근로자\n월평균소득의 70% 이하인 경우에 한해 입주자를 선정합니다. (2025년 통계청 발표자료 기준)\n■ (접수방법) 등기우편 접수 [서울시 금천구 시흥대로73길 70, 금천구청 9층 일자리청년과 청년주택 담당자 앞]\n■ (신청접수) 현재는 G밸리하우스(근로자동·기업인동) 및 소셜믹스하우스 청년주택 입주 신청이 가능하며, 입주\n호실은 추첨 절차를 통해 확정됩니다.(호실 간 상호교환 불가)\n■ (기타 안내사항)\n· 맞춤형 공공임대주택은 공동체주택의 성격을 가지며, 입주민이 자발적으로 공동체를 형성하여 주택의\n유지ˑ관리와 상호 지원을 실천하는 것을 지향합니다. · 공동체주택의 입주자는 책임 의식을 바탕으로 상호 협력해야 할 의무가 있습니다.', '자산 확인 결과 부적격자로 판명될 경우 입주자격에서 탈락될 수 있습니다. 위와 같이 금천구 1인 가구 청년 맞춤형 주택 입주를 신청합니다. 2025년 월 일\n신청인 (인)\n서울특별시 금천구청장 귀하\n본인은 청년주택 입주자격(갱신계약 포함) 심사 및 입주 후 관리를 위해 무주택세대 구성원\n전원의 소득 및 재산 등을 조회할 수 있도록 공공기관에서 보유하고 있는 무주택세대구성원의 정보\n열람 및 제공에 동의합니다. 신청인 (인)\n- 17 -', '31. 공고\n‘청년안심주택’은 무주택 청년 및 신혼부부의 주거안정을 위하여 민간과 공공이 협력하여 대중교통 중심에 공급하는\n임대주택입니다. 금회 공급하는 청년안심주택은 공공임대주택으로서 민간이 건설하고 서울시와 서울주택도시개발공사가\n매입하여 공급하며 분양전환 되지 않습니다. ■ 2 026년 1차 청년안심주택은 입주자모집공고일(2026.03.31.) 현재 19세 이상 39세 이하 무주택 청년 및 신혼부부\n계층을 대상으로 공급됩니다. ■ 청 년안심주택(공공임대)은 준공 후 서울특별시와 서울주택도시개발공사로 소유권이전 등기되며, 준공 후 임대관리\n(계약, 수납, 재공급, 재계약 등) 업무는 서울주택도시개발공사가 수행합니다. ■ 청 년안심주택은 준공 전 공급되는 주택으로서 입주자모집 공고 후 공급(사업)이 취소될 수 있으며 준공 및 소유권이전\n등기가 지연될 수 있습니다. ■ 청 년안심주택의 소유권이전 등기절차가 진행 중일 경우, 일부 금융기관에서 대출이 불가할 수 있습니다. ※ 세 대별 매입주체(서울시 또는 서울주택도시개발공사)에 따라, 사용승인일로부터 소유권이전 등기완료까지 약 1~4개월\n소요될 수 있으며 사업추진에 따라 변동 가능합니다. ■ 청년안심주택 청약은 컴퓨터와 스마트폰을 활용한 인터넷 접수로만 신청을 받습니다. ■ 공 고일은 청약자격의 판단 기준일이 되며 청약신청은 신청자가 입주자모집 공고문을 숙지하신 후 신청자의 의사에\n따라 신청하는 것이므로 신청자격 미숙지, 착오 등의 사유로 신청하신 내용의 수정이 불가하오니 이로 인하여 불이익을\n받는 일이 없도록 유의하여 주시기 바랍니다.', '24. 오전 12:21 청년전세임대주택 | 청년·신혼부부 지원 | 서울주거포털\n신청방법\n주소지 주민센터 또는 LH한국토지주택공사 청약센터 : 1600-1004\nstep 1. step 2.', '5\n공통 신청자격\n■모집공고일(2025. 6. 30.) 현재 서울특별시에 주민등록이 등재된 무주택세대구성원이면서 세부\n신청자격을 갖춘 자\n무주택세대구성원이란? ■무주택세대구성원 판단기준일은 모집공고일(2025.']","안녕하세요! 현재 서울 금천구에서 제공하는 50년 공공임대주택에 대한 정보는 검색된 문서에 포함되어 있지 않습니다. 하지만, 금천구에서 청년 맞춤형 공공임대주택에 대한 신청 방법은 다음과 같습니다.

금천구에서는 무주택 청년을 위해 청년 맞춤형 공공임대주택 내 공실세대 총 7세대를 모집하고 있습니다. 신청 자격은 모집공고일 현재 서울시에 거주하는 무주택세대구성원 청년으로서, 전년도 도시근로자 월평균소득의 70% 이하인 경우에 해당합니다.

신청 방법은 등기우편으로 접수하며, 주소는 [서울시 금천구 시흥대로73길 70, 금천구청 9층 일자리청년과 청년주택 담당자 앞]입니다. 현재는 G밸리하우스 및 소셜믹스하우스 청년주택 입주 신청이 가능하며, 입주 호실은 추첨 절차를 통해 확정됩니다.

자세한 내용은 ""금천구 1인 가구 청년 맞춤형 주택 입주자 모집 공고""를 참고하시기 바랍니다.","서울등촌6단지 50년공공임대주택 예비입주자 모집
（입주자모집공고일 : 26. 04. 10. )
▪ 청약자격 미숙지, 착오 신청 등에 대해서는 청약자 본인에게 책임이 있으니 불이익을 당하는 일이
없도록 유의하여 주시기 바랍니다.
▪ LH에서는 콜센터(1600-1004) 등을 통해 입주자 모집공고의 내용과 관련하여 자세한 안내가 이루어
질 수 있도록 상담을 실시하고 있으나, 청약자 개인의 복잡한 상황에 대한 설명 누락 또는 부정확한
정보제공 등에 기인한 잘못된 상담으로 불이익을 당하는 일이 가끔 발생하고 있습니다.
▪ 고객 여러분께서는 신청과 관련한 상담은 주택신청의 참고자료로만 활용해 주시기 바라며, 신청자
본인이 입주자 모집공고 및 현장방문을 통한 직접 상담을 통해 신청자격 등을 숙지하시어 신청하시기
바랍니다. 아울러 신청자격 미숙지, 착오 신청 등에 대해서는 신청자 본인에게 책임이 있으니 유의
하여 주시기 바랍니다.
모집 신청과 관련하여 매우 중요한 사항이오니 필히 숙지하시기 바랍니다.
▪ 이 주택의 예비입주자 모집공고일은 2026.04.10.(금)이며, 이는 입주자격과 예비입주자 선정과정에서 경
쟁이 있을 때 적용하는 순위 및 배점의 판단 기준일이 됩니다. 제출서류는 모집공고일 이후 발급분이어
야 합니다.
▪ 본 모집공고문의 모집대상 주택에 대하여 1세대 1주택 신청을 원칙으로 하며, 중복 신청하는 경우 전부 무효처리 합니다.
▪ 순위별로 청약일자가 지정된 경우 반드시 해당순위 날짜에 신청하여야 하며 다른 순위 날짜에 접수시
에는 모두 부적격 처리됩니다.(예를 들면 1순위자가 1순위 접수일인 5일에 접수하지 않고 2순위 접수
일인 6일에 또는 3순위 접수일인 7일에 접수시 부적격 처리)
▪ 고객의 신청 편의를 위하여 인터넷 및 모바일 신청 제도를 운영하고 있습니다. 현장에 방문하여 신청
하는 경우 장시간 대기와 혼잡에 따른 불편함이 있으니, 가정 또는 직장에서 인터넷이나 모바일로 편
안하게 신청하여 주시기 바랍니다.
▪ 신청서의 주소지는 새로운 주소(도로명 주소)만 사용하고 있으니, 반드시 도로명 주소로 신청하시어
계약안내문 수령 등에 불이익이 없도록 유의하시기 바랍니다.
▪ 청약통장 순위(가입)확인서 확인 시 주택명 및 주택관리번호
주택명 2026.04.10. LH 50년공공임대 서울등촌6단지
주택관리번호 2026000108
▪ 신청시에 청약은행과 납입횟수를 사전에 반드시 확인하셔야 기재오류로 인한 부적격 탈락을 예방할 수
있으니 유의하시기 바랍니다. (납입 회차는 통장에 나타난 회차 기준이 아닌 청약통장 순위(가입)확인서의 인정
회차 기준으로 선정하오니 유의하시기 바랍니다.)
▪ 입주자격 검증
50년공공임대주택은 무주택세대구성원 기준을 충족하여야 하며, 입주를 신청하신 신청자와 해당 세
대구성원 전원은 국토교통부 주택소유확인시스템을 통하여 주택소유 여부, 전산관리지정기관을 통
하여 불법전대자 재입주 금지기간 위반 여부를 검증한 후 자격 충족 시 입주자로 선정됩니다.
※ 분양권․입주권(이하 ‘분양권등’)을 보유한 경우 「주택공급에 관한 규칙(국토교통부령 제565호, 2018.
12.11., 일부개정)」에 따라 주택 소유자로 간주될 수 있으니 본 공고문의 ‘주택 소유여부 판정기준’을
반드시 확인하시기 바랍니다.
- 1 -",0.99999999998,1.0,0.7777777777777778,0.0,housing_semantic_t85
"안녕하세요, 저는 26살 사회초년생이고 서울에서 독립 준비 중인데, 청년누리 쉐어하우스 입주자 모집 일정이 언제부터 시작되는지 궁금해요. 이 정책의 월세 지원 혜택을 받으려면 언제까지 신청해야 하나요?","['청년쉐어하우스 『청년누리』 입주자 모집공고\n(입주자모집공고일 : 2026.04.05)\n청년누리 쉐어하우스는 청년 1인가구의 안정적인 거주를 지원 위해 사회적 경제주체(협동조\n합큰바위얼굴)가 서대문구청과 함께 다양한 주거서비스 프로그램 등의 임대운영, 관리를 직접\n수행하는 임대주택입니다. Ⅰ.', '31. 출생자 지원 가능)\n- 직장 재직여부 무관(순위 별 소득요건은 충족하여야 함)\n기 타 - 대학생 및 취업준비생도 청년 지원 가능\n※ 청년자격을 갖추었더라도 자녀가 있고, 자녀와 함께 거주하고자 하는 경우 신혼유형으로 신청하여야 함. 22 2026년 1차 서울시 청년안심주택(공공임대) 입주자 모집공고', '1.(월)입니다. ■ (입주자격) 모집공고일 현재 서울시에 거주하는 무주택세대구성원 청년으로서, 전년도 도시근로자\n월평균소득의 70% 이하인 경우에 한해 입주자를 선정합니다. (2025년 통계청 발표자료 기준)\n■ (접수방법) 등기우편 접수 [서울시 금천구 시흥대로73길 70, 금천구청 9층 일자리청년과 청년주택 담당자 앞]\n■ (신청접수) 현재는 G밸리하우스(근로자동·기업인동) 및 소셜믹스하우스 청년주택 입주 신청이 가능하며, 입주\n호실은 추첨 절차를 통해 확정됩니다.(호실 간 상호교환 불가)\n■ (기타 안내사항)\n· 맞춤형 공공임대주택은 공동체주택의 성격을 가지며, 입주민이 자발적으로 공동체를 형성하여 주택의\n유지ˑ관리와 상호 지원을 실천하는 것을 지향합니다. · 공동체주택의 입주자는 책임 의식을 바탕으로 상호 협력해야 할 의무가 있습니다.', '15.(월) ~ 12. 17.(수) 10시~17시 / 해당 기간에만 주택 방문 가능\n※ 예비자 수는 당첨자 수의 2배수까지 선정됨\n※ 공동체교육 : 호실 추첨 후 입주자 공동체 활성화 교육을 실시하며, 교육을 이수하지 않을 경우 계약 불가\n신청·접수 일정\n접수기간 접수방법 유의사항\n등기우편 신청접수\n2025.12.1.(월)~ (서울시 금천구 시흥대로73길 70 접수 마지막 날\n2025.12.31.(수) 18:00 금천구청 9층 일자리청년과 18:00 접수마감\n청년주택 담당자 앞)\n※ 마감일 우체국 우편 접수분까지 인정\n주택 공개\n❍ 공개기간 : 2025. 12. 15.(월) ~ 12. 17.(수) 10:00~17:00\n❍ 문 의 처 : 구로금천 주택공개지원센터(02-852-8977~8)\n- 주택공개 기간에 주택공개지원센터로 유선 문의하시면 현관 및 호수별 세대\n비밀번호를 안내받을 수 있습니다. ※ 점심시간(12시~13시) 제외\n- 2 -', '24. 오전 12:21 청년전세임대주택 | 청년·신혼부부 지원 | 서울주거포털\n신청방법\n주소지 주민센터 또는 LH한국토지주택공사 청약센터 : 1600-1004\nstep 1. step 2.']","안녕하세요! 청년누리 쉐어하우스 입주자 모집 공고는 상시로 진행되고 있습니다. 그러나 구체적인 신청 기간은 명시되어 있지 않으므로, 언제든지 신청하실 수 있습니다. 

하지만 청년누리 쉐어하우스는 월세 지원 혜택이 제공되지 않으므로, 월세 지원을 받으실 수는 없습니다. 이 정책은 청년 1인가구의 안정적인 거주를 지원하기 위한 쉐어하우스입니다. 

자세한 내용은 ""청년쉐어하우스 『청년누리』 입주자 모집공고""를 참고하시기 바랍니다.","청년쉐어하우스 『청년누리』 입주자 모집공고
(입주자모집공고일 : 2026.04.05)
청년누리 쉐어하우스는 청년 1인가구의 안정적인 거주를 지원 위해 사회적 경제주체(협동조
합큰바위얼굴)가 서대문구청과 함께 다양한 주거서비스 프로그램 등의 임대운영, 관리를 직접
수행하는 임대주택입니다.
Ⅰ. 모집일정
모집공고 서류접수 자격심사 대상자발표 주택개방 계약체결
서대문구청
신청자 적격자 중 주택개방일에
⇨ ⇨ 및 ⇨ ⇨ ⇨
전원에 계약희망자 입주자 선정
2026.04.05 상시 금융정보원에
적격여부 대상으로 및 계약서
서 진행
문자발송 진행 작성
(6-8주 소요)
* 상기 일정은 사업진행 일정에 따라 변경될 수 있습니다.
* 본 입주공고문으로 신청한 자가 자격검증 중이라도, 예비입주자 및 타 기관에서 입주대상자 자격요건 검증을 마친
자가 입주를 희망할 시 해당 세대에 우선 입주할 수 있습니다.
Ⅱ. 공급주택 : 서울특별시 서대문구 증가로4길 8-45
면적(㎡) 임대조건(원)
공급대상 방 입주일
계 전용 공용 보증금 임대료
2C-1(여) 6.24 5,400,000 93,000 26/5/6
2층(여자)
2C-2(여) 6.26 5,500,000 95,000 26/5/28
3층(여자) 3B-1(여) 6.27 5,500,000 95,000 26/5/24
○ 2C-1, 2C-2의 경우, 1인이 2호실 계약 가능.
○ 인터넷(KT), 보안설비, 공과금(수도,전기,가스) : 각 층 별 부과 (입주자 수 1/n)
이외의 공용시설은 사용자 분담
○ 입주가능일 : 상기 표 참고 * 입주일은 현 입주자의 사정에 따라 변경될 수 있습니다
○ 층별공용시설 : 필로티주차장(주차면수 3면), 커뮤니티실(1층), 층별 부엌(냉장고, 전기레인지, 정수기, 세탁기,
전자레인지)
○ 유의사항 : 반려동물은 불허함.
방 : 원룸 / 화장실 : 2인 1실 공동사용
(아래 평면도 참고, 화장실은 옆 방의 입주자와 공동 사용)
각 층별 규칙이 있으며, 각 층마다 규칙은 상이함.
공동체 주택으로서 돌아가면서 맡은 역할을 반드시 수행해야 함.
- 1 -",0.99999999998,0.5,0.2857142857142857,0.0,housing_semantic_t85
"안녕하세요! 저는 27살이고 서울에서 취업준비 중인데, 월세도 빠듯하고 보증금도 없어서 힘든 상황이에요. 혹시 행복주택 같은 저렴한 공공임대 주택과 비슷한 다른 정책이 있을까요?","['○ 청 년안심주택은 공공임대주택 및 공공지원민간임대주택이 혼합된 단지입니다. 이에 따라 「공동주택관리법 시행령」\n제 19조 및「서울특별시 공동주택 관리규약 준칙」 제83조 등에 의거하여, 청년안심주택에서 반려동물과 공동거주가\n가능합니다. 다만, 공동주거 생활에 피해가 발생할 경우, 해당 단지의 관리규약에 따라 제재 조치가 이루어질 수\n있습니다. [※ 공동주택 관리규약 준칙 참고] 통로식(계단식)은 해당통로(계단)을 따라, 복도식은 해당 복도 층에 거주하는\n입주자등의 과반수 동의를 받아야함. 이 경우 직접적인 피해를 받는 인접 세대(직상하층 포함) 동의는 반드시 받아야 함.', '24. 오전 12:21 청년전세임대주택 | 청년·신혼부부 지원 | 서울주거포털\n대학생, 취업준비생의 전세임대를 돕기 위해\n신청자 중 입주대상자로 선정된 자(대학생,취업준비생)가 거주할 지역을 물색하면 LH가 주택소유자와 전세계약을 체결한 후\n재임대하는 정책입니다. LH공사 공고문 바로가기 > 자세히 보기 >\n입주대상\n대학생\n신청일 현재 대학에 재학 또는 입학예정인 타 시ㆍ군 출신 대학생\n취업 준비생\n신청일 현재 대학 또는 「초·중등교육법」에 따른 고등·고등기술학교를 졸업하거나 중퇴한 후 2년 이내인 사람으로서 직장에 재직 중이지 않은 자\n대학 졸업예정자 또는 졸업유예자로서 직장에 재직 중이지 않은 자\n임대조건\n전세금 지원한도액\n일반형 (1·2순위 대학생 및 취업준비생)\n수도권(서울, 경기, 인천) 광역시(세종시 포함) 기타 도(道)지역\n120백만원/호 95백만원/호 85백만원/호\n쉐어형 (1·2·3순위 대학생)\n구분 수도권(서울, 경기, 인천) 광역시(세종시 포함) 기타 도(道\n2인거주 150백만원/호 120백만원/호 100백만\n3인거주 200백만원/호 150백만원/호 120백만\n※ 지역별 지원한도액을 초과하는 주택은 초과하는 전세금액을 입주대상자가 부담할 경우 지원가능하며, 전세금 총액은 호당 지원한도액의 150%이내로 제한함\n지원가능주택\n오피스텔의 경우 바닥난방이 되며, 별도로 취사ㆍ세면시설 및 화장실을 갖추어 주거용 (사실상 사용)으로 이용가능 하여야 함\n대학생 대학소재지역[특별시, 광역시, 세종시, 도(道) 지역] 및 연접 시·군에 소재한 일정 면적 이하 주택으로 ‘전세’ 또는 ‘보증부월세\n신청지역[특별시, 광역시, 세종시, 도(道) 지역] 내 주택으로 ‘전세’ 또는 ‘보증부월세’로 계약 가능한 주택\n취업준비생\n단, 부모님 또는 배우자(기혼자에 해당)의 주소지 시·군 제외\nhttps://housing.seoul.go.kr/site/main/content/sh01_060506 1/3', '1.(월)입니다. ■ (입주자격) 모집공고일 현재 서울시에 거주하는 무주택세대구성원 청년으로서, 전년도 도시근로자\n월평균소득의 70% 이하인 경우에 한해 입주자를 선정합니다. (2025년 통계청 발표자료 기준)\n■ (접수방법) 등기우편 접수 [서울시 금천구 시흥대로73길 70, 금천구청 9층 일자리청년과 청년주택 담당자 앞]\n■ (신청접수) 현재는 G밸리하우스(근로자동·기업인동) 및 소셜믹스하우스 청년주택 입주 신청이 가능하며, 입주\n호실은 추첨 절차를 통해 확정됩니다.(호실 간 상호교환 불가)\n■ (기타 안내사항)\n· 맞춤형 공공임대주택은 공동체주택의 성격을 가지며, 입주민이 자발적으로 공동체를 형성하여 주택의\n유지ˑ관리와 상호 지원을 실천하는 것을 지향합니다. · 공동체주택의 입주자는 책임 의식을 바탕으로 상호 협력해야 할 의무가 있습니다.', '서울시 무주택시민의 안정적인 주거생활에 도움이 될 수 있도록, 전월세 세입자가 입주를 원하는 주택의\n보증금 30%, 최대 6천만원을 서울시가 무이자로 최장 10년까지 지원하는 서울시 공공임대 주택입니다. (단, 보증금이 1억 5천만원 이하인 경우 50%이하, 최대 4천5백만원 한도)\n▶ 사업지역 및 공급 호수\n○ 사업지역 : 서울특별시\n○ 입주대상자 모집호수 : 총 6,000호\n② 특별공급 신혼부부\n공급유형 계 ① 일반공급 ③ 특별공급 세대통합\n(미리내집 연계형)\n6,000호 5,350호 500호 150호\n※ 특별공급 신혼부부(미리내집 연계형)이란? 장기안심주택 특별공급 신혼부부(미리내집 연계형) 당첨자가\n자녀 출산시, 장기안심주택 10년 거주 후 장기전세Ⅱ로 이주할 수 있도록 지원 (p.9 참고)\n3', '○ 행복주택은 공공주택특별법 등 관련 법령에 의거 지역 주민이 함께 이용할 수 있는 교육, 복지, 보육, 문화, 체육,\n가족지원 및 창업지원 등의 공공서비스가 제공될 수 있는 지역편의시설(공간)을 설치하여 지자체 등 운영기관에\n무상으로 제공될 수도 있습니다. ○ 서울시 및 서울주택도시개발공사에서 관리하는 임대주택은 자동차 이용문화 변화 및 주차난 해소로 입주민의 편의를\n도모하고자 주차장 일부(1면~2면)를 나눔카(카셰어링)사업에 제공하여 추진할 수 있음을 알려드리오니 많은 관심과\n협조 바랍니다.']","안녕하세요! 현재 서울에서 취업준비 중이시군요. 저렴한 공공임대 주택과 비슷한 정책으로는 ""청년전세임대주택""이 있습니다. 이 정책은 대학생과 취업준비생을 위한 전세임대주택 지원으로, 신청자가 거주할 지역을 물색하면 LH가 주택소유자와 전세계약을 체결한 후 재임대하는 방식입니다.

입주대상은 대학생과 취업준비생으로, 신청일 현재 대학에 재학 중이거나 졸업 후 2년 이내인 분들이 해당됩니다. 전세금 지원 한도액은 수도권(서울, 경기, 인천)에서 120백만원까지 지원되며, 이 외에도 쉐어형으로 2인 또는 3인 거주 시 더 높은 지원 한도가 있습니다.

자세한 내용은 ""청년전세임대주택"" 정책을 참고하시면 좋겠습니다. (출처: 청년전세임대주택 _ 청년·신혼부부 지원 _ 서울주거포털.pdf)","서울번동3 행복주택 예비입주자 모집
(입주자모집공고일 : 2025. 8. 22)
1. 건설위치 : 서울시 강북구 오현로 208 번동주공3단지 내 행복주택 168호
• 입주자 모집 공고내용과 관련하여 자세한 안내가 이루어질 수 있도록 상담을 실시하고 있으나,
신청자 개별상황 등에 대한 의사소통 오류로 관련사항 착오안내가 이루어지는 경우가 있습니다.
고객 여러분께서는 신청과 관련한 상담은 주택신청의 참고자료로만 활용해 주시기 바라며, 신청자
본인이 입주자 모집공고를 통해 신청자격 등을 숙지하시어 신청하시기 바랍니다. 아울러 신청
자격 미숙지, 착오 신청 등에 대해서는 신청자 본인에게 책임이 있으니 유의하여 주시기 바랍니다.
• ’19.09.27일 이후 입주자 모집부터 동일유형 공공임대주택의 예비입주자로 중복선정(종전 선정지위
자동탈락)이 되지 않으며, 장기임대주택(통합공공임대, 국민임대, 영구임대, 행복주택) 입주 시
모든 대기자 명부에서 제외 처리되오니 신청 시 유의하시기 바랍니다. 세부적인 사항은 아래 공고문
[3. 신청자격 및 입주자 선정방법] 및 [6. 당첨자 발표 및 계약 안내]를 참조하시기 바랍니다.
• 이 주택의 입주자 모집공고일은 2025.8.22(금)이며, 이는 입주자격(공급계층 및 신청자격, 나
이, 세대구성원, 주택소유, 자산, 소득 등)의 판단기준일이 됩니다. 공고문은 LH청약플러스
홈페이지(https://apply.lh.or.kr) 및 모바일앱(LH청약플러스)에서도 확인하실 수 있습니다.
• 서울번동3 행복주택은 입주자모집공고일(2025.8.22) 현재 다음 중 하나에 해당하는 사람
에게 공급됩니다.
※ 신청자격별 세부 무주택·소득·자산 자격요건은 공고문 본문(3. 신청자격 및 입주자 선정방법)을 확인하시기 바랍니다.
① 대학생 계층
- 대학생 : 대학에 재학 중이거나 다음 학기에 입·복학 예정인 사람
- 취업준비생 : 대학 또는 고등학교를 졸업(또는 중퇴)한 지 2년 이내인 사람
② 청년 계층
- 청년 : 19세 이상 39세 이하인 사람(출생일 1985.8.23.~2006.8.22.)
- 사회초년생 : 소득이 있는 업무에 종사한 기간이 총 5년 이내이며, 아래의 하나에 해당하는 사람
1) 소득이 있는 업무에 종사하는 사람
2) 퇴직한 후 1년이 지나지 않은 사람으로서 구직급여 수급자격을 인정받은 사람
3) 예술인
③ 신혼부부·한부모가족 계층
- 신혼부부 : 공고일 현재 혼인 중인 사람으로서 혼인기간이 7년 이내인 사람
또는 6세 이하 자녀를 둔 사람
- 예비신혼부부 : 입주 전까지 혼인사실을 증명할 수 있는 사람
- 한부모가족 : 6세이하 자녀를 둔 한부모인 사람
• 상기 신청자격에 따라 임대조건이 달리 적용되오니 해당 신청자격별 세부기준을 확인하신 후
신청하시기 바랍니다.
• 상기 행복주택의 청약접수는 LH청약플러스 홈페이지(https://apply.lh.or.kr)또는 모바일(LH청약플러스)
로 받습니다.
• 서류제출대상자는 경쟁 시 추첨을 통해 선정하며, 서류제출대상자 중 서류를 제출한 자에 한하여
입주자격 조사가 진행됩니다.",0.99999999998,1.0,0.8888888888888888,0.4675553419730923,housing_semantic_t85
"안녕하세요! 저는 29살 직장인이고 서울 마포구에 살고 있어요. 전세로 이사하고 싶은데, 월세도 부담스러운데 전세임대형 든든주택 같은 걸 신청하려면 어떤 자격조건이 필요한가요?","['2 신청자격 및 선정기준\n※ 『기존주택 등 매입임대주택 업무처리지침』을 따름\n기 본 요 건\n※ 모집 공고일(2025.12.1.월) 기준 아래 기본요건을 모두 충족하는 자를 대상으로 심사 진행\n기본요건(공통)\n❍ (거주) 서울특별시에 주민등록 등재된 자\n❍ (연령) 만 19세 이상 39세 이하(1986. 12. 2. ~ 2006. 12.', '2025년 전세임대형 든든주택 입주자 모집공고\n06336 서울특별시 강남구 개포로 621(개포동 14-5)\nwww.i-sh.co.kr\n콜센터 1600-3456', '서울주택도시공사\n2025년 전세임대형 든든주택 입주자 모집공고\n입주자 모집공고일 2025. 6. 30. (월)\n■ 서울주택도시공사에서 신생아 가구, 다자녀 가구, 신혼부부, 예비신혼부부 등을 대상으로 전세임대형\n든든주택 입주자를 모집합니다. 전세임대형 든든주택은 소득 및 자산 기준이 없으며, 순위 내 무주택\n세대구성원 요건 충족시 신청하실 수 있습니다. ■ 입주대상자가 보증금한도액 범위 내에서 직접 원하는 주택을 물색하면 서울주택도시공사가 주택의\n소유자와 전세계약을 체결하고 입주대상자에게 재임대하는 제도입니다. ※ 다가구, 다세대, 도시형생활주택 등 非아파트 주택으로만 지원 가능하며, 지원 가능한 주택에 대해서\n는 공고문 내용을 반드시 확인하여 주시기 바랍니다. ■ 1세대 1주택 신청을 원칙으로 하며 동일인이 순위별 중복신청하거나 동일세대구성원 내에서 중복신청,\n2세대 이상의 공급신청자 사이에서 세대구성원이 중복된 경우 모든 신청이 무효 처리됩니다. (예비신혼\n부부는 혼인으로 구성될 세대(본인 및 예비배우자)를 1세대로 간주)\n■ 입주자격 판단 기준일은 모집공고일인 2025. 6.', '24. 오전 12:21 청년전세임대주택 | 청년·신혼부부 지원 | 서울주거포털\n대학생, 취업준비생의 전세임대를 돕기 위해\n신청자 중 입주대상자로 선정된 자(대학생,취업준비생)가 거주할 지역을 물색하면 LH가 주택소유자와 전세계약을 체결한 후\n재임대하는 정책입니다. LH공사 공고문 바로가기 > 자세히 보기 >\n입주대상\n대학생\n신청일 현재 대학에 재학 또는 입학예정인 타 시ㆍ군 출신 대학생\n취업 준비생\n신청일 현재 대학 또는 「초·중등교육법」에 따른 고등·고등기술학교를 졸업하거나 중퇴한 후 2년 이내인 사람으로서 직장에 재직 중이지 않은 자\n대학 졸업예정자 또는 졸업유예자로서 직장에 재직 중이지 않은 자\n임대조건\n전세금 지원한도액\n일반형 (1·2순위 대학생 및 취업준비생)\n수도권(서울, 경기, 인천) 광역시(세종시 포함) 기타 도(道)지역\n120백만원/호 95백만원/호 85백만원/호\n쉐어형 (1·2·3순위 대학생)\n구분 수도권(서울, 경기, 인천) 광역시(세종시 포함) 기타 도(道\n2인거주 150백만원/호 120백만원/호 100백만\n3인거주 200백만원/호 150백만원/호 120백만\n※ 지역별 지원한도액을 초과하는 주택은 초과하는 전세금액을 입주대상자가 부담할 경우 지원가능하며, 전세금 총액은 호당 지원한도액의 150%이내로 제한함\n지원가능주택\n오피스텔의 경우 바닥난방이 되며, 별도로 취사ㆍ세면시설 및 화장실을 갖추어 주거용 (사실상 사용)으로 이용가능 하여야 함\n대학생 대학소재지역[특별시, 광역시, 세종시, 도(道) 지역] 및 연접 시·군에 소재한 일정 면적 이하 주택으로 ‘전세’ 또는 ‘보증부월세\n신청지역[특별시, 광역시, 세종시, 도(道) 지역] 내 주택으로 ‘전세’ 또는 ‘보증부월세’로 계약 가능한 주택\n취업준비생\n단, 부모님 또는 배우자(기혼자에 해당)의 주소지 시·군 제외\nhttps://housing.seoul.go.kr/site/main/content/sh01_060506 1/3', '7. 23.(수) 홈페이지 공지사항 게시 및 서류심사대상자에게 문자메세지 발송\n■ 제출방법 : 아래의 서류 원본 등기우편 제출 (일반우편, 택배, 방문접수 미인정)\n■ 제출주소 : 서울특별시 강남구 개포로 621 서울주택도시공사 3층 전세주택공급부 전세임대형 든든주택 담당자 앞\n• 모든 서류는 입주자 모집공고일 (2025. 6. 30.) 이후 발급분이어야 함\n• 모든 서류는 주민등록번호 13자리가 모두 기재되어야 함\n• 서류제출기간 내에 관련 서류를 제출하지 않을 경우 청약의사가 없는 것으로 간주하여 별도의 통지 없이\n서류심사대상자에서 제외됨\n• 제출한 서류를 기준으로 심사가 진행되므로 오기재·허위사실 기재, 위·변조된 서류 제출 시 당첨 취소 등\n의 불이익이 있을 수 있으며 이로 인한 책임은 신청자 본인에게 있음\n• 제출서류는 반환되지 않음\n• 아래 사항에 해당 시 별도 보완요청 없이 입주대상자 선정에서 제외될 수 있으니, 반드시 확인하시어 제출해주시기\n바랍니다. 1 ) 필수제출서류 누락 2) 공고문 첨부 외 타 양식 제출 3) 자필 서명 없이 한글파일로 타이핑한 서류 제출\n2025년 전세임대형 든든주택 입주자 모집공고 11']","안녕하세요! 29살 직장인으로 서울 마포구에 거주하신다면, 전세임대형 든든주택에 신청할 수 있는 자격 조건은 다음과 같습니다:

1. **거주 요건**: 서울특별시에 주민등록이 등재되어 있어야 합니다.
2. **소득 및 자산 기준**: 소득 및 자산 기준이 없으므로, 별도의 소득 조건은 없습니다.
3. **무주택 세대구성원 요건**: 무주택 세대구성원이어야 하며, 이는 신청 시점에 주택을 소유하고 있지 않아야 함을 의미합니다.

이 외에도, 전세임대형 든든주택은 신생아 가구, 다자녀 가구, 신혼부부, 예비신혼부부 등을 대상으로 하며, 지원 가능한 주택은 다가구, 다세대, 도시형생활주택 등 비아파트 주택으로 한정됩니다.

자세한 내용은 ""2025년 전세임대형 든든주택 입주자 모집공고""를 참고하시기 바랍니다.","www.i-sh.co.kr
2025년
전세임대형 든든주택
입주자 모집공고
입주자 모집공고일
2025. 6. 30. (월)",0.19999999998,1.0,0.875,0.48184940100202533,housing_semantic_t85
"안녕하세요, 저는 26살 대학생인데 월세가 너무 부담스러워서 청년전세임대주택을 알아보고 있어요. 이 정책에서 전세금 지원 한도가 어떻게 되나요?","['24. 오전 12:21 청년전세임대주택 | 청년·신혼부부 지원 | 서울주거포털\n대학생, 취업준비생의 전세임대를 돕기 위해\n신청자 중 입주대상자로 선정된 자(대학생,취업준비생)가 거주할 지역을 물색하면 LH가 주택소유자와 전세계약을 체결한 후\n재임대하는 정책입니다. LH공사 공고문 바로가기 > 자세히 보기 >\n입주대상\n대학생\n신청일 현재 대학에 재학 또는 입학예정인 타 시ㆍ군 출신 대학생\n취업 준비생\n신청일 현재 대학 또는 「초·중등교육법」에 따른 고등·고등기술학교를 졸업하거나 중퇴한 후 2년 이내인 사람으로서 직장에 재직 중이지 않은 자\n대학 졸업예정자 또는 졸업유예자로서 직장에 재직 중이지 않은 자\n임대조건\n전세금 지원한도액\n일반형 (1·2순위 대학생 및 취업준비생)\n수도권(서울, 경기, 인천) 광역시(세종시 포함) 기타 도(道)지역\n120백만원/호 95백만원/호 85백만원/호\n쉐어형 (1·2·3순위 대학생)\n구분 수도권(서울, 경기, 인천) 광역시(세종시 포함) 기타 도(道\n2인거주 150백만원/호 120백만원/호 100백만\n3인거주 200백만원/호 150백만원/호 120백만\n※ 지역별 지원한도액을 초과하는 주택은 초과하는 전세금액을 입주대상자가 부담할 경우 지원가능하며, 전세금 총액은 호당 지원한도액의 150%이내로 제한함\n지원가능주택\n오피스텔의 경우 바닥난방이 되며, 별도로 취사ㆍ세면시설 및 화장실을 갖추어 주거용 (사실상 사용)으로 이용가능 하여야 함\n대학생 대학소재지역[특별시, 광역시, 세종시, 도(道) 지역] 및 연접 시·군에 소재한 일정 면적 이하 주택으로 ‘전세’ 또는 ‘보증부월세\n신청지역[특별시, 광역시, 세종시, 도(道) 지역] 내 주택으로 ‘전세’ 또는 ‘보증부월세’로 계약 가능한 주택\n취업준비생\n단, 부모님 또는 배우자(기혼자에 해당)의 주소지 시·군 제외\nhttps://housing.seoul.go.kr/site/main/content/sh01_060506 1/3', '2026년 청년 전세임대 1순위 입주자 수시모집\n청년(19~39세·대학생·취업준비생) 전세임대란? • 청년의 주거안정을 위하여 전세임대사업의 입주대상자로 선정된 자가 지원한도액 범위 내에서\n전세주택을 결정하면 한국토지주택공사가 해당주택 소유자와 전세계약을 체결하고 이를 입주\n대상자에게 재임대하는 제도입니다. • 본 입주자모집은 순위별, 지역별 중복 신청 불가(전부 무효 처리)하며, 신청 내용 수정은 신청일\n24:00(마감일의 경우 18:00)까지 가능하고, 이후 변경내용에 대해서는 관할 지역본부로 별도\n문의 바랍니다. • 청년 전세임대(대학생, 취업준비생, 19~39세)의 최대 거주기간은 세부 유형에 관계없이 총 10년\n입니다(대학생, 취업준비생, 19~39세 유형으로 기 지원받은 경우, 지원받은 기간만큼 재계약\n횟수 및 기간을 차감하며, 총 10년을 지원받은 경우 재지원 불가). ※ (자립준비청년) 현재 신청 접수 중이오니, 해당 페이지를 참고하시기 바랍니다. - 경로 : LH청약플러스 > 임대주택 > 청약신청하기 > 유스타트(자립 및 가정 밖 청소년)\n※ (청년 주거급여 분리지급) 2021년부터 주거급여 수급가구 내 취학 · 구직 등의 사유로 부모와\n주거지를 달리하는 19세 이상 30세 미만의 미혼청년에게 주거급여를 별도로 지급합니다. 해당\n대상자는 주거급여 수급가구 내 가구주(부모)가 거주하는 지역 행정복지센터에서 신청하셔서\n주거급여를 지원받으시기 바랍니다.', '▶ 지원가능주택 및 지원금\n구 분 전 세 보증부월세\n가구원수 무관 전용85㎡ 이하\n지원 면적 ※ 공고일(‘25.12.17.) 현재 ① 5인 이상 가구 또는 ② 한부모 미성년 3자녀 이상 가구는\n가능 전용85㎡ 초과 가능\n주택\n보증금 전세보증금 4억9천만원 이하 기본보증금 + 전세전환보증금 합계 4억9천만원이하\n보증금 1억5천만원 초과인 주택 : 보증금의 30%, 최대 6천만원 무이자 지원\n●\n지원금\n보증금 1억5천만원 이하인 주택 : 보증금의 50%, 최대 4천5백만원 무이자 지원\n●\n지원기간 2년 단위 재계약(입주자 신청자격 유지시), 최대 10년간 지원\n※ 전세전환보증금 = 월세금액 x 12 / 전환율 4% (재계약시 전환율은 변경 될 수 있음)\n※ 보증부 월세는 1년 월세총액(월세×12개월)이 지원금을 제외한 입주자 본인 부담금을 초과할 수 없음\n▶ 지원금 산정기준 예시\n구분 임대조건 지원금 지원금 산정기준\n1억5천만원 × 50% = 7천5백만원이나,\n1억5천만원 4천5백만원\n최대 지원한도인 4천5백만원 지원\n전세\n3억원 × 30% = 9천만원이나,\n3억원 6천만원\n최대 지원한도인 6천만원 지원\n기본보증금 1억원 기본보증금 1억원 × 50% = 5천만원이나,\n4천5백만원\n+월세 80만원 최대 지원한도인 4천5백만원 지원 (월세 지원없음)\n기본보증금 2억원 기본보증금 2억원 × 30% = 6천만원으로,\n보증부 6천만원\n+월세 80만원 최대 지원한도인 6천만원 지원 (월세 지원없음)\n월세\n기본보증금 2천만원 × 50% = 천만원이나,\n기본보증금 2천만원\n해당없음 1년 월세 총액(백만원×12개월=12백만원)이\n+월세 백만원\n본인부담 보증금(천만원)을 초과하므로 지원불가\n▶ 지원방법\n○ 임대인-임차인-서울주택도시개발공사(공동임차인) 3자 계약체결 후 잔금일에 임대인 계좌로 지원금 입금\n- 계 약시 3자 계약체결 방식으로 장기안심주택 계약서를 작성해야 하므로, 해당 내용을 주택 물색시\n공인중개사 및 임대인에게 알려야 합니다. - 기 존 거주 주택에서 장기안심주택 지원을 받는 경우에도 장기안심주택 계약서를 새로 작성해야 합니다.', '24. 오전 12:21 청년전세임대주택 | 청년·신혼부부 지원 | 서울주거포털\n보증부월세 전세임대주택의 경우 매월 지급하는 월세는 입주대상자가 직접 임대인에게 지급하여야 하며, 1년치 월세에 해당하는 금액을 계약시 기본보증금\n계약 만료시 반환함)하여야 함\n※ 단, 수도권(60만원), 광역시(45만원), 기타지역(40만원) 한도의 보증부월세는 입주대상자가 원할 경우 3개월분 월세에 해당하는 금액만 입주자가 부담하고 9개월치 월세는\n대체가능함\n일반형 쉐어형\n단독거주 2인 거주 3인 거주\n60㎡이하 70㎡ 이하 85㎡ 이하\n기본임대조건 및 지원금리\n월임대료 (지원금 기준)\n구분 보증금\n4천만원 이하 4천만원 초과~6천만원이하 6천\n1·2순위 100만원 연 1.0% 연 1.5% 연\n3순위 200만원 연 2.0% 연 2.5% 연\n※ 임대기간 최초 계약 2년, 자격요건 충족시 2회 재계약 가능(졸업시 재계약불가)\n전년도 도시근로자 가구당 월평균소득 (2025년 적용기준)\n가구원수 가구원수별 가구당 월평균소득의 50% 가구원수별 가구당 월평균소득의 70% 가구원수별 가구당 월평\n1인가구 1,799,082원 2,518,715원 3,598,7\n2인가구 2,738,502원 3,833,902원 5,477,0\n3인가구 3,813,487원 5,338,881원 7,626,9\n4인가구 4,289,044원 6,004,662원 8,578,0\n5인가구 4,515,524원 6,321,734원 9,031,0\n6인가구 4,866,543원 6,813,160원 9,733,0\n7인가구 5,217,562원 7,304,587원 10,435,1\n신청순위\n1순위(생계·의료 수급가구, 보호대상 한부모가족, 아동복지시설 퇴소자, 가구당 월평균소득 70%이하 장애인)\n2순위(가구당 월평균소득 50% 이하, 가구당 월평균소득 100% 이하 장애인)\n3순위(가구당 월평균소득 100% 이하, 가구당 월평균소득 150% 이하 장애인)\n* 다만, 월평균소득 이하 가구는 영구임대주택 입주자 보유 자산 기준을 초과하는 경우 입주대상에서 제외\n(총자산 19,600만원 자동차 2,499만원)\nhttps://housing.seoul.go.kr/site/main/content/sh01_060506 2/3', '* 대학생 계층 및 청년 계층은 입주자모집공고일 현재부터 임대차계약 종료일까지 무주택자이어야 합니다. - 26 -']","안녕하세요! 청년전세임대주택 정책에 따르면, 전세금 지원 한도액은 다음과 같습니다:

- **일반형 (1·2순위 대학생 및 취업준비생)**:
  - 수도권(서울, 경기, 인천): 1억 2천만원/호
  - 광역시(세종시 포함): 9천 5백만원/호
  - 기타 도(道)지역: 8천 5백만원/호

- **쉐어형 (1·2·3순위 대학생)**:
  - 2인 거주: 
    - 수도권: 1억 5천만원/호
    - 광역시: 1억 2천만원/호
    - 기타 도: 1억원/호
  - 3인 거주: 
    - 수도권: 2억원/호
    - 광역시: 1억 5천만원/호
    - 기타 도: 1억 2천만원/호

이 외에도 지역별 지원한도액을 초과하는 주택은 초과하는 전세금액을 입주대상자가 부담할 경우 지원이 가능하며, 전세금 총액은 호당 지원한도액의 150% 이내로 제한됩니다. 

자세한 내용은 [청년전세임대주택 정책](https://housing.seoul.go.kr/site/main/content/sh01_060506)에서 확인하실 수 있습니다.","26. 4. 24. 오전 12:21 청년전세임대주택 | 청년·신혼부부 지원 | 서울주거포털
대학생, 취업준비생의 전세임대를 돕기 위해
신청자 중 입주대상자로 선정된 자(대학생,취업준비생)가 거주할 지역을 물색하면 LH가 주택소유자와 전세계약을 체결한 후
재임대하는 정책입니다.
LH공사 공고문 바로가기 > 자세히 보기 >
입주대상
대학생
신청일 현재 대학에 재학 또는 입학예정인 타 시ㆍ군 출신 대학생
취업 준비생
신청일 현재 대학 또는 「초·중등교육법」에 따른 고등·고등기술학교를 졸업하거나 중퇴한 후 2년 이내인 사람으로서 직장에 재직 중이지 않은 자
대학 졸업예정자 또는 졸업유예자로서 직장에 재직 중이지 않은 자
임대조건
전세금 지원한도액
일반형 (1·2순위 대학생 및 취업준비생)
수도권(서울, 경기, 인천) 광역시(세종시 포함) 기타 도(道)지역
120백만원/호 95백만원/호 85백만원/호
쉐어형 (1·2·3순위 대학생)
구분 수도권(서울, 경기, 인천) 광역시(세종시 포함) 기타 도(道
2인거주 150백만원/호 120백만원/호 100백만
3인거주 200백만원/호 150백만원/호 120백만
※ 지역별 지원한도액을 초과하는 주택은 초과하는 전세금액을 입주대상자가 부담할 경우 지원가능하며, 전세금 총액은 호당 지원한도액의 150%이내로 제한함
지원가능주택
오피스텔의 경우 바닥난방이 되며, 별도로 취사ㆍ세면시설 및 화장실을 갖추어 주거용 (사실상 사용)으로 이용가능 하여야 함
대학생 대학소재지역[특별시, 광역시, 세종시, 도(道) 지역] 및 연접 시·군에 소재한 일정 면적 이하 주택으로 ‘전세’ 또는 ‘보증부월세
신청지역[특별시, 광역시, 세종시, 도(道) 지역] 내 주택으로 ‘전세’ 또는 ‘보증부월세’로 계약 가능한 주택
취업준비생
단, 부모님 또는 배우자(기혼자에 해당)의 주소지 시·군 제외
https://housing.seoul.go.kr/site/main/content/sh01_060506 1/3",0.99999999998,0.8823529411764706,1.0,0.5354703703564505,housing_semantic_t85
"안녕하세요! 저는 26살 사회초년생이고, 월급이 230만원인데 월세가 너무 힘들어요. 혹시 행복주택 같은 공공임대주택 신청하려면 어떻게 해야 하나요?","['1.(월)입니다. ■ (입주자격) 모집공고일 현재 서울시에 거주하는 무주택세대구성원 청년으로서, 전년도 도시근로자\n월평균소득의 70% 이하인 경우에 한해 입주자를 선정합니다. (2025년 통계청 발표자료 기준)\n■ (접수방법) 등기우편 접수 [서울시 금천구 시흥대로73길 70, 금천구청 9층 일자리청년과 청년주택 담당자 앞]\n■ (신청접수) 현재는 G밸리하우스(근로자동·기업인동) 및 소셜믹스하우스 청년주택 입주 신청이 가능하며, 입주\n호실은 추첨 절차를 통해 확정됩니다.(호실 간 상호교환 불가)\n■ (기타 안내사항)\n· 맞춤형 공공임대주택은 공동체주택의 성격을 가지며, 입주민이 자발적으로 공동체를 형성하여 주택의\n유지ˑ관리와 상호 지원을 실천하는 것을 지향합니다. · 공동체주택의 입주자는 책임 의식을 바탕으로 상호 협력해야 할 의무가 있습니다.', '금액이 없습니다.(해당 관할 센터에서 신청 가능)\n◽ 현재 공공임대주택에 거주하고 계신 경우 기존의 임대주택을 명도하여야 당첨된 주택에 입주하실 수\n있으며, 동 주택은 타인에게 전대 및 전매할 수 없습니다. ※ 세대를 분리(배우자 및 본인)하여 2개 이상의 임대주택에 입주 불가\n◽ 제출한 서류가 위조 또는 사실과 다르거나 서류의 결격 등인 경우 당첨이 취소됩니다. ◽ 계약금을 기납부한 경우, 직접 관할 센터에 계약금 환불 요청을 하셔야 환불이 가능하며 인감증명서,\n인감도장, 통장사본이 필요합니다.', '24. 오전 12:21 청년전세임대주택 | 청년·신혼부부 지원 | 서울주거포털\n신청방법\n주소지 주민센터 또는 LH한국토지주택공사 청약센터 : 1600-1004\nstep 1. step 2.', '2025년 3차 행복주택 입주자 모집공고 45\n* 계층별 동의서 제출 대상자\n분류 개인정보수집이용 및 제3자 제공 동의서 금융정보 등 제공 동의서\n대학생 무주택세대구성원 전원, 신청자 부모 신청자 본인, 부모\n청년 – 세대주인 경우 무주택세대구성원 전원\n청년 – 세대원인 경우 신청자 본인\n신혼부부 - 신혼부부 무주택세대구성원 전원\n신혼부부 - 예비신혼부부 혼인으로 구성될 세대구성원 전원\n고령자 무주택세대구성원 전원\n주거급여수급자 무주택세대구성원 전원 X\n계층별 제출 서류\n▶ 대학생\n대상 용도 제출 서류 발급처\n재학생 재학증명서\n입학예정자 입학증명서 또는 등록금납부확인서\n해당 학교\n전원 가. 대학생 휴학증명서 및 각서(공사 양식)\n자격 확인 복학예정자 SH공사\n제출 * 단, 복학 후 1개월 이내에 재학증명서 제출 필요\n양식\n졸업유예자 졸업유예증명서\n나.', '2025년 3차 행복주택 입주자 모집공고\n<서울리츠 행복주택 포함>\n서류심사 대상자 발표 최종 당첨자 발표\n2026. 1.']","안녕하세요! 26살 사회초년생이시군요. 월세가 힘드신 상황에 대해 이해합니다. 행복주택과 같은 공공임대주택에 신청하시려면 다음과 같은 조건을 충족해야 합니다.

1. **입주자격**: 무주택세대구성원이어야 하며, 대학생, 청년, 신혼부부, 고령자, 주거급여 수급자 등 다양한 계층이 대상입니다. 
2. **소득조건**: 월급이 230만원이라면, 전년도 도시근로자 월평균소득의 70% 이하인 경우에 해당할 수 있습니다. 이는 약 200만원 정도로, 귀하의 소득이 이 조건을 충족하는지 확인이 필요합니다.

3. **신청방법**: 신청은 해당 지역의 주민센터나 SH공사 등을 통해 가능합니다. 구체적인 서류와 절차는 모집공고에 따라 다를 수 있으니, 관련 공고를 확인하시기 바랍니다.

4. **모집공고**: 현재 2025년 3차 행복주택 입주자 모집공고가 있으며, 이 공고는 대학생, 청년, 신혼부부 등을 대상으로 하고 있습니다. 자세한 내용은 [2025년 3차 행복주택 모집공고문](https://housing.seoul.go.kr/site/main/content/sh01_060506)에서 확인하실 수 있습니다.

신청 기간과 필요한 서류를 미리 준비하셔서 신청하시기 바랍니다. 추가적인 질문이 있으시면 언제든지 문의해 주세요!","555555555555 행복주택
구분 ☑ 임차료 ☑ 보증금 ☑ 상호전환 공급부서 공공주택공급부
정의 ▪근거법령: ｢공공주택 특별법 시행령｣ 제2조제3항 및 ｢공공주택 특별법 시행규칙｣ 제17조
▪특징: 국가나 지방자치단체의 재정이나 주택도시기금의 자금을 지원받아 대학생, 청년,
신혼부부 등 예비신혼부부와 고령자, 주거급여수급자의 주거안정을 목적으로 공급하는
공공임대주택
▪공고주기: 연2회
면적 ▪전용면적: 10~59㎡
임대료 ▪공급대상별로 임대시세의 60~80% 수준으로 공급
및 대학생 소득있는 신혼부부 주거급여
구분 고령자
보증금 소득없는 청년 청년 한부모가족 수급자
시세
68% 72% 80% 76% 60%
대비
임대 ▪계약기간: 2년
기간 ▪최대 계약 기간: ｢공공주택 특별법 시행규칙｣ [별표5] 제3호
신혼부부, 한부모가족 주거급여
구분 대학생, 청년 고령자
무자녀 유자녀 수급자
기간 10년 10년 14년 20년 20년
신청 ▪무주택세대구성원인 대학생‧청년은 무주택자, 신혼부부‧고령자‧주거급여수급자
자격 ▪｢공공주택 특별법 시행규칙｣ 제17조제1항 및 제2항 및 [별표5]
- 세부신청자격은 [표1] 참조
선정 ▪자세한 사항은 [별지] 참조
방법
▪일반공급
- 대학생, 청년, 신혼부부 계층별로 적격자에 대해 해당지역의 순위에 따라 대상자를
선정하고 동일 순위인 경우 무작위 전산 추첨으로 공급
- 고령자, 주거급여수급자는 순위 없이 무작위 전산추첨
▪우선공급(일반공급 자격을 모두 충족하는 자, 유형별 접수)
- 1순위 대학생‧청년: 순위→배점→1세 이하의 자녀가 있는 자→추첨
- 신혼부부‧고령자‧주거급여수급자
:순위→배점→해당 순위 지역의 거주기간이 오래인 자→1세 이하의 자녀가 있는 자→추첨
소득 ▪전년도 도시근로자 가구원수별 가구당 월평균소득의 100% 이하
요건 - 1인가구는 20%p 가산, 2인가구는 10%p 가산
- 신혼부부 유형의 배우자가 소득이 있을 경우 120% 이하(맞벌이 2인 가구 130%)
55",0.99999999998,0.125,0.8235294117647058,0.5559650075121569,housing_semantic_t85
"저는 32살 신혼부부인데, 서울에서 살고 싶어서 행복주택을 신청해보려고 하는데, 입주자 모집이 언제 시작되는지 궁금해요!","['서울양원S2BL 신혼희망타운 행복주택\n예비입주자 모집\n(입주자모집공고일 : 2025. 6. 5.)\n1. 건설위치 서울특별시 중랑구 양원역로19길 47 (망우동) 서울양원 S2BL 행복주택 134호\n• 입주자 모집 공고내용과 관련하여 자세한 안내가 이루어질 수 있도록 상담을 실시하고 있으나,\n신청자 개별상황 등에 대한 의사소통 오류로 관련사항 착오안내가 이루어지는 경우가 있습니다. 고객 여러분께서는 신청과 관련한 상담은 주택신청의 참고자료로만 활용해 주시기 바라며, 신청자\n본인이 입주자 모집공고를 통해 신청자격 등을 숙지하시어 신청하시기 바랍니다.', '2025년 3차 행복주택 입주자 모집공고 37\n○ 우선공급\n입주자모집공고일(2025. 12. 31.) 현재 일반공급대상자의 요건을 모두 갖추고 아래 1순위 또는 2순위의 요건을 갖춘 자\n▷ 우선공급 순위\n1순위 행복주택이 위치하는 서울특별시 해당 자치구가 거주지인 자\n2순위 행복주택이 위치하는 서울특별시 해당 자치구 외 서울특별시가 거주지인 자\n▷ 우선공급 배점\n항목 3점 2점 1점\n① 신청자 나이 만 75세 이상 만 70세 이상 ~ 만 75세 미만 만 65세 이상 ~ 만 70세 미만\n행복주택이 위치하는 서울특별시 행복주택이 위치하는 서울특별시\n행복주택이 위치하는\n② 거주지 및 해당 자치구에 5년 이상 거주 해당 자치구에 5년 미만 거주\n서울특별시 해당 자치구 외\n거주기간 ※ 자치구 최종전입일이 2020. 12.', '2025년 3차 행복주택 입주자 모집공고\n<서울리츠 행복주택 포함>\n서류심사 대상자 발표 최종 당첨자 발표\n2026. 1.', '2 신청자격 및 선정기준\n※ 『기존주택 등 매입임대주택 업무처리지침』을 따름\n기 본 요 건\n※ 모집 공고일(2025.12.1.월) 기준 아래 기본요건을 모두 충족하는 자를 대상으로 심사 진행\n기본요건(공통)\n❍ (거주) 서울특별시에 주민등록 등재된 자\n❍ (연령) 만 19세 이상 39세 이하(1986. 12. 2. ~ 2006. 12.', '서울번동3 행복주택 예비입주자 모집\n(입주자모집공고일 : 2025. 8. 22)\n1. 건설위치 : 서울시 강북구 오현로 208 번동주공3단지 내 행복주택 168호\n• 입주자 모집 공고내용과 관련하여 자세한 안내가 이루어질 수 있도록 상담을 실시하고 있으나,\n신청자 개별상황 등에 대한 의사소통 오류로 관련사항 착오안내가 이루어지는 경우가 있습니다. 고객 여러분께서는 신청과 관련한 상담은 주택신청의 참고자료로만 활용해 주시기 바라며, 신청자\n본인이 입주자 모집공고를 통해 신청자격 등을 숙지하시어 신청하시기 바랍니다. 아울러 신청\n자격 미숙지, 착오 신청 등에 대해서는 신청자 본인에게 책임이 있으니 유의하여 주시기 바랍니다. • ’19.09.27일 이후 입주자 모집부터 동일유형 공공임대주택의 예비입주자로 중복선정(종전 선정지위\n자동탈락)이 되지 않으며, 장기임대주택(통합공공임대, 국민임대, 영구임대, 행복주택) 입주 시\n모든 대기자 명부에서 제외 처리되오니 신청 시 유의하시기 바랍니다. 세부적인 사항은 아래 공고문\n[3.']","서울에서 신혼부부를 위한 행복주택의 입주자 모집은 2025년 6월 5일에 시작됩니다. 해당 모집은 서울양원 S2BL 신혼희망타운 행복주택을 대상으로 하며, 자세한 사항은 모집 공고를 통해 확인하시기 바랍니다. (출처: 서울양원S2BL 신혼희망타운 행복주택 예비입주자 모집)","서울양원S2BL 신혼희망타운 행복주택
예비입주자 모집
(입주자모집공고일 : 2025. 6. 5.)
1. 건설위치 서울특별시 중랑구 양원역로19길 47 (망우동) 서울양원 S2BL 행복주택 134호
• 입주자 모집 공고내용과 관련하여 자세한 안내가 이루어질 수 있도록 상담을 실시하고 있으나,
신청자 개별상황 등에 대한 의사소통 오류로 관련사항 착오안내가 이루어지는 경우가 있습니다.
고객 여러분께서는 신청과 관련한 상담은 주택신청의 참고자료로만 활용해 주시기 바라며, 신청자
본인이 입주자 모집공고를 통해 신청자격 등을 숙지하시어 신청하시기 바랍니다. 아울러 신청
자격 미숙지, 착오 신청 등에 대해서는 신청자 본인에게 책임이 있으니 유의하여 주시기 바랍니다.
• ’19.09.27일 이후 입주자 모집부터 동일유형 공공임대주택의 예비입주자로 중복선정(종전 선정지위
자동탈락)이 되지 않으며, 장기임대주택(통합공공임대, 국민임대, 영구임대, 행복주택) 입주 시
모든 대기자 명부에서 제외 처리되오니 신청 시 유의하시기 바랍니다. 세부적인 사항은 아래 공고문
[3. 신청자격 및 입주자 선정방법] 및 [6. 당첨자 발표 및 계약 안내]를 참조하시기 바랍니다.
• 서울공릉, 서울양원S1BL, 서울양원S2BL 모집대상 주택에 대하여 1세대 1주택 신청을 원칙
으로 하며, 중복 신청하는 경우 전부 무효처리 됩니다.
• 이 주택의 입주자 모집공고일은 2025.6.5.(목)이며, 이는 입주자격(공급계층 및 신청자격, 나
이, 세대구성원, 주택소유, 자산, 소득 등)의 판단기준일이 됩니다. 공고문은 LH청약플러스
홈페이지(https://apply.lh.or.kr) 및 모바일앱(LH청약플러스)에서도 확인하실 수 있습니다.
• 금회 공급하는 서울양원 S2BL 신혼희망타운 행복주택은 총 403호로 공공분양(269호)과 행복
주택(134호) 혼합단지입니다.
• 본 모집 공고문의 행복주택은 입주자모집공고일(2025.6.5.) 현재 다음 중 하나에 해당하
는 사람에게 공급됩니다.
※ 신청자격별 세부 무주택·소득·자산 자격요건은 공고문 본문(3. 신청자격 및 입주자 선정방법)을 확인하시기 바랍니다.
■ 신혼부부·한부모가족 계층
- 신혼부부 : 공고일 현재 혼인 중인 사람으로서 혼인기간이 7년 이내인 사람
또는 6세 이하 자녀(2018.6.6. 이후 출생)를 둔 사람
- 예비신혼부부 : 입주 전까지 혼인사실을 증명할 수 있는 사람
- 한부모가족 : 6세이하 자녀(2018.6.6. 이후 출생)를 둔 한부모인 사람
• 상기 공급대상에 따라 임대조건이 달리 적용되오니 해당 공급대상별 세부기준을 확인하신 후
신청하시기 바랍니다.
• 상기 행복주택의 청약접수는 LH청약플러스 홈페이지(https://apply.lh.or.kr)또는 모바일(LH청약플러스)
로 받습니다. 다만, 65세이상의 고령자 등 인터넷 접수가 어려우신 분에 한하여 본인 신분증, 주민
등록표등본 등 구비서류를 준비하여 오시면 현장(LH 서울지역본부 동부권주거복지지사)에서 인터넷
접수를 도와드립니다.
• 서류제출대상자는 경쟁 시 추첨을 통해 선정하며, 서류제출대상자 중 서류를 제출한 자에 한하여
입주자격 조사가 진행됩니다.
• 계약 순번이 도래하여 계약 안내를 받는 시점이 예비입주자로 선정된 날부터 2년이 경과한 경우,
입주자격 검증을 위한 서류제출이 필요합니다.",0.99999999998,1.0,1.0,0.5304631712302895,housing_semantic_t85
"28살이고 서울 마포구에 살고 있는 직장인데, 요즘 집값이 너무 비싸서 국민임대주택 신청하려고 하는데, 신청 방법이 궁금해요. 어떻게 해야 하나요?","['서울시(도봉구) 지역 국민임대주택 예비입주자 모집\n입주자 모집공고일 [2025.09.05], 주택관리번호 [2025-000407]\n‘19.9.27일 이후 입주자 모집부터 동일유형 예비 입주자 중복선정이 되지 않으며, 장기임대주택(통합공공임\n대, 국민임대, 영구임대, 행복주택) 입주 시 모든 대기자 명부에서 제외 처리되니 신청 시 유의하시기 바랍니다. 세부적인 사항은 아래 [공고문 숙지사항] 및 [당첨 발표 및 계약안내] 내용을 참조하시기 바랍니다.', '24. 오전 12:21 청년전세임대주택 | 청년·신혼부부 지원 | 서울주거포털\n신청방법\n주소지 주민센터 또는 LH한국토지주택공사 청약센터 : 1600-1004\nstep 1. step 2.', '31. 출생자 지원 가능)\n- 직장 재직여부 무관(순위 별 소득요건은 충족하여야 함)\n기 타 - 대학생 및 취업준비생도 청년 지원 가능\n※ 청년자격을 갖추었더라도 자녀가 있고, 자녀와 함께 거주하고자 하는 경우 신혼유형으로 신청하여야 함. 22 2026년 1차 서울시 청년안심주택(공공임대) 입주자 모집공고', '금액이 없습니다.(해당 관할 센터에서 신청 가능)\n◽ 현재 공공임대주택에 거주하고 계신 경우 기존의 임대주택을 명도하여야 당첨된 주택에 입주하실 수\n있으며, 동 주택은 타인에게 전대 및 전매할 수 없습니다. ※ 세대를 분리(배우자 및 본인)하여 2개 이상의 임대주택에 입주 불가\n◽ 제출한 서류가 위조 또는 사실과 다르거나 서류의 결격 등인 경우 당첨이 취소됩니다. ◽ 계약금을 기납부한 경우, 직접 관할 센터에 계약금 환불 요청을 하셔야 환불이 가능하며 인감증명서,\n인감도장, 통장사본이 필요합니다.', '2 신청자격 및 선정기준\n※ 『기존주택 등 매입임대주택 업무처리지침』을 따름\n기 본 요 건\n※ 모집 공고일(2025.12.1.월) 기준 아래 기본요건을 모두 충족하는 자를 대상으로 심사 진행\n기본요건(공통)\n❍ (거주) 서울특별시에 주민등록 등재된 자\n❍ (연령) 만 19세 이상 39세 이하(1986. 12. 2. ~ 2006. 12.']","국민임대주택 신청 방법에 대한 구체적인 내용은 검색된 문서에 포함되어 있지 않습니다. 하지만, 일반적으로 국민임대주택은 무주택세대구성원으로서 소득 및 자산 기준을 충족해야 하며, 신청은 해당 지역의 주택관리기관을 통해 이루어집니다. 

서울시 도봉구의 경우, 2025년 9월 5일에 국민임대주택 예비입주자 모집 공고가 있을 예정입니다. 이 시기에 맞춰 신청하시면 됩니다. 자세한 사항은 해당 공고문을 참고하시기 바랍니다. (출처: 서울시(도봉구) 지역 국민임대주택 예비입주자 모집)","서울시(도봉구) 지역 국민임대주택 예비입주자 모집
입주자 모집공고일 [2025.09.05], 주택관리번호 [2025-000407]
‘19.9.27일 이후 입주자 모집부터 동일유형 예비 입주자 중복선정이 되지 않으며, 장기임대주택(통합공공임
대, 국민임대, 영구임대, 행복주택) 입주 시 모든 대기자 명부에서 제외 처리되니 신청 시 유의하시기 바랍니다.
세부적인 사항은 아래 [공고문 숙지사항] 및 [당첨 발표 및 계약안내] 내용을 참조하시기 바랍니다.
▪ 청약자격 미숙지, 착오 신청 등에 대해서는 청약자 본인에게 책임이 있으니 불이익을 당하는 일이
없도록 유의하여 주시기 바랍니다.
▪ LH콜센터(1600-1004) 등을 통해 입주자 모집공고의 내용과 관련하여 자세한 안내가 이루어질 수 있
도록 상담을 실시하고 있으나, 신청자 개인의 다양하고 복잡한 상황에 대하여 정확하지 않은 정보
제공으로 신청 관련 사항에 대해 착오 안내가 이루어지는 경우가 있습니다.
▪ 고객 여러분께서는 신청과 관련한 상담은 주택신청의 참고자료로만 활용해 주시기 바라며, 신청자
본인이 입주자 모집공고 및 현장방문을 통한 직접 상담을 통해 신청자격 등을 숙지하시어 신청하시
기 바랍니다. 아울러 신청자격 미숙지, 착오 신청 등에 대해서는 신청자 본인에게 책임이 있으니 유
의하여 주시기 바랍니다.
모집 신청과 관련하여 매우 중요한 사항이오니 필히 숙지하시기 바랍니다.
▪ 이 주택의 예비입주자 모집공고일은 2025.09.05(금)이며, 이는 입주자격과 예비입주자 선정과정에서 경쟁
이 있을 때 적용하는 순위 및 배점의 판단 기준일이 됩니다. 제출서류는 모집공고일 이후 발급분이어야
합니다.
▪ 본 모집공고문의 모집대상 주택에 대하여 1세대 1주택 신청을 원칙으로 하며, 중복 신청하는 경우 전부 무효처리 합니다.
▪ 이 주택은 분양전환 되지 않는 공공임대주택으로 입주자격 충족 시 단지별 최초 임대개시일로부터 최장
30년간 거주 가능합니다.
▪ 동일한 유형(예, 국민⟷국민, 행복⟷행복)의 예비입주자 모집 신청은 가능하나 신청 후 예비입주자로 선정
(①입주자모집 공고일 기준) 되면 종전 선정된 예비입주자로서의 지위는 자동 탈락 처리됩니다. 단, 입주자
모집 공고일이 같을 경우 ②청약 접수일 ③당첨자 발표일이 빠른 단지를 기준으로 탈락 처리됩니다.
▪ 순위별로 청약일자가 지정된 경우 반드시 해당순위 날짜에 신청하여야 하며 다른 순위 날짜에 접수시에는
모두 부적격 처리됩니다.(예를 들면 1순위자가 1순위 접수일인 5일에 접수하지 않고 2순위 접수일인 6일
에 또는 3순위 접수일인 7일에 접수시 부적격 처리)
▪ 고객의 신청 편의를 위하여 인터넷 및 모바일 신청 제도를 운영하고 있습니다. 현장에 방문하여 신청
하는 경우 장시간 대기와 혼잡에 따른 불편함이 있으니, 가정 또는 직장에서 인터넷이나 모바일로 편
안하게 신청하여 주시기 바랍니다.
▪ 신청서의 주소지는 새로운 주소(도로명 주소)만 사용하고 있으니, 반드시 도로명 주소로 신청하시어
계약안내문 수령 등에 불이익이 없도록 유의하시기 바랍니다.
- 1 -",0.99999999998,0.7,0.6666666666666666,0.0,housing_semantic_t85
